tdate,dis_name,positive_cases
2020-07-08,Chittagong,4
2020-07-08,Dhaka,10
2020-07-08,Gazipur,1
2020-07-08,Sunamganj,1
2020-07-08,Sylhet,2
2020-07-07,Bandarban,2
2020-07-07,Chittagong,16
2020-07-07,Comilla,7
2020-07-07,Cox's Bazar,5
2020-07-07,Dhaka,50
2020-07-07,Kishoreganj,1
2020-07-07,Narayanganj,5
2020-07-07,Jamalpur,1
2020-07-06,Chandpur,4
2020-07-06,Chittagong,28
2020-07-06,Comilla,7
2020-07-06,Cox's Bazar,1
2020-07-06,Feni,1
2020-07-06,Dhaka,64
2020-07-06,Rajbari,8
2020-07-06,Bagerhat,1
2020-07-06,Jamalpur,1
2020-07-06,Sunamganj,1
2020-07-06,Sylhet,3
2020-07-05,Bandarban,1
2020-07-05,Chandpur,4
2020-07-05,Chittagong,19
2020-07-05,Comilla,12
2020-07-05,Feni,1
2020-07-05,Dhaka,73
2020-07-05,Faridpur,1
2020-07-05,Gazipur,2
2020-07-05,Madaripur,2
2020-07-05,Manikganj,1
2020-07-05,Munshiganj,2
2020-07-05,Narayanganj,5
2020-07-05,Narsingdi,1
2020-07-05,Habiganj,1
2020-07-05,Maulvibazar,1
2020-07-05,Sunamganj,5
2020-07-04,Pirojpur,1
2020-07-04,Chittagong,12
2020-07-04,Comilla,6
2020-07-04,Feni,1
2020-07-04,Dhaka,36
2020-07-04,Faridpur,1
2020-07-04,Gazipur,1
2020-07-04,Narsingdi,1
2020-07-04,Shariatpur,1
2020-07-04,Bagerhat,1
2020-07-04,Khulna,3
2020-07-04,Jamalpur,3
2020-07-04,Naogaon,1
2020-07-04,Pabna,11
2020-07-04,Sylhet,8
2020-07-03,Barguna,1
2020-07-03,Barisal,7
2020-07-03,Bhola,3
2020-07-03,Jhalokati,3
2020-07-03,Patuakhali,2
2020-07-03,Pirojpur,4
2020-07-03,Bandarban,22
2020-07-03,Brahamanbaria,30
2020-07-03,Chandpur,40
2020-07-03,Chittagong,133
2020-07-03,Comilla,50
2020-07-03,Cox's Bazar,68
2020-07-03,Feni,11
2020-07-03,Khagrachhari,22
2020-07-03,Lakshmipur,3
2020-07-03,Noakhali,3
2020-07-03,Rangamati,31
2020-07-03,Dhaka,396
2020-07-03,Faridpur,4
2020-07-03,Gazipur,22
2020-07-03,Kishoreganj,28
2020-07-03,Madaripur,33
2020-07-03,Manikganj,11
2020-07-03,Munshiganj,5
2020-07-03,Narayanganj,38
2020-07-03,Narsingdi,7
2020-07-03,Rajbari,30
2020-07-03,Shariatpur,1
2020-07-03,Tangail,9
2020-07-03,Bagerhat,2
2020-07-03,Chuadanga,23
2020-07-03,Jessore,3
2020-07-03,Jhenaidah,19
2020-07-03,Khulna,4
2020-07-03,Kushtia,66
2020-07-03,Meherpur,11
2020-07-03,Narail,18
2020-07-03,Jamalpur,24
2020-07-03,Mymensingh,104
2020-07-03,Netrakona,8
2020-07-03,Sherpur,4
2020-07-03,Bogra,61
2020-07-03,Joypurhat,2
2020-07-03,Naogaon,92
2020-07-03,Natore,36
2020-07-03,Pabna,20
2020-07-03,Rajshahi,21
2020-07-03,Sirajganj,2
2020-07-03,Dinajpur,4
2020-07-03,Gaibandha,6
2020-07-03,Lalmonirhat,2
2020-07-03,Nilphamari,3
2020-07-03,Panchagarh,1
2020-07-03,Rangpur,3
2020-07-03,Thakurgaon,2
2020-07-03,Habiganj,26
2020-07-03,Maulvibazar,34
2020-07-03,Sunamganj,66
2020-07-03,Sylhet,42
2020-07-02,Barisal,4
2020-07-02,Bhola,2
2020-07-02,Jhalokati,1
2020-07-02,Patuakhali,2
2020-07-02,Bandarban,11
2020-07-02,Brahamanbaria,44
2020-07-02,Chandpur,86
2020-07-02,Chittagong,290
2020-07-02,Comilla,158
2020-07-02,Cox's Bazar,39
2020-07-02,Feni,33
2020-07-02,Khagrachhari,13
2020-07-02,Lakshmipur,1
2020-07-02,Noakhali,3
2020-07-02,Rangamati,37
2020-07-02,Dhaka,610
2020-07-02,Faridpur,22
2020-07-02,Gazipur,23
2020-07-02,Gopalganj,2
2020-07-02,Kishoreganj,4
2020-07-02,Madaripur,39
2020-07-02,Manikganj,5
2020-07-02,Munshiganj,18
2020-07-02,Narayanganj,74
2020-07-02,Narsingdi,4
2020-07-02,Rajbari,30
2020-07-02,Shariatpur,1
2020-07-02,Tangail,20
2020-07-02,Bagerhat,4
2020-07-02,Chuadanga,25
2020-07-02,Jessore,11
2020-07-02,Jhenaidah,19
2020-07-02,Khulna,21
2020-07-02,Kushtia,72
2020-07-02,Magura,2
2020-07-02,Meherpur,13
2020-07-02,Narail,19
2020-07-02,Satkhira,4
2020-07-02,Jamalpur,12
2020-07-02,Mymensingh,39
2020-07-02,Netrakona,8
2020-07-02,Sherpur,2
2020-07-02,Bogra,8
2020-07-02,Naogaon,35
2020-07-02,Natore,23
2020-07-02,Nawabganj,3
2020-07-02,Pabna,19
2020-07-02,Rajshahi,2
2020-07-02,Dinajpur,2
2020-07-02,Gaibandha,53
2020-07-02,Kurigram,30
2020-07-02,Lalmonirhat,6
2020-07-02,Nilphamari,2
2020-07-02,Rangpur,28
2020-07-02,Habiganj,11
2020-07-02,Maulvibazar,20
2020-07-02,Sunamganj,67
2020-07-02,Sylhet,172
2020-07-01,Barisal,2
2020-07-01,Bhola,3
2020-07-01,Jhalokati,2
2020-07-01,Patuakhali,3
2020-07-01,Pirojpur,2
2020-07-01,Bandarban,45
2020-07-01,Brahamanbaria,8
2020-07-01,Chandpur,97
2020-07-01,Chittagong,270
2020-07-01,Comilla,114
2020-07-01,Cox's Bazar,89
2020-07-01,Feni,41
2020-07-01,Khagrachhari,37
2020-07-01,Lakshmipur,16
2020-07-01,Noakhali,39
2020-07-01,Rangamati,80
2020-07-01,Dhaka,879
2020-07-01,Faridpur,2
2020-07-01,Gazipur,38
2020-07-01,Kishoreganj,1
2020-07-01,Madaripur,5
2020-07-01,Manikganj,12
2020-07-01,Munshiganj,5
2020-07-01,Narayanganj,70
2020-07-01,Narsingdi,4
2020-07-01,Rajbari,25
2020-07-01,Shariatpur,6
2020-07-01,Tangail,28
2020-07-01,Bagerhat,2
2020-07-01,Chuadanga,1
2020-07-01,Jessore,3
2020-07-01,Khulna,1
2020-07-01,Kushtia,3
2020-07-01,Magura,1
2020-07-01,Narail,1
2020-07-01,Satkhira,1
2020-07-01,Jamalpur,7
2020-07-01,Mymensingh,112
2020-07-01,Netrakona,20
2020-07-01,Sherpur,1
2020-07-01,Bogra,174
2020-07-01,Joypurhat,22
2020-07-01,Naogaon,112
2020-07-01,Natore,31
2020-07-01,Nawabganj,3
2020-07-01,Pabna,4
2020-07-01,Rajshahi,41
2020-07-01,Sirajganj,9
2020-07-01,Dinajpur,6
2020-07-01,Gaibandha,96
2020-07-01,Kurigram,41
2020-07-01,Lalmonirhat,19
2020-07-01,Nilphamari,1
2020-07-01,Rangpur,29
2020-07-01,Habiganj,16
2020-07-01,Maulvibazar,7
2020-07-01,Sunamganj,26
2020-07-01,Sylhet,198
2020-06-30,Barguna,3
2020-06-30,Barisal,6
2020-06-30,Bhola,25
2020-06-30,Jhalokati,9
2020-06-30,Patuakhali,8
2020-06-30,Bandarban,52
2020-06-30,Brahamanbaria,17
2020-06-30,Chandpur,51
2020-06-30,Chittagong,370
2020-06-30,Comilla,89
2020-06-30,Cox's Bazar,131
2020-06-30,Feni,60
2020-06-30,Khagrachhari,6
2020-06-30,Lakshmipur,69
2020-06-30,Noakhali,114
2020-06-30,Rangamati,84
2020-06-30,Dhaka,1021
2020-06-30,Faridpur,8
2020-06-30,Gazipur,37
2020-06-30,Gopalganj,7
2020-06-30,Kishoreganj,19
2020-06-30,Madaripur,15
2020-06-30,Manikganj,46
2020-06-30,Munshiganj,6
2020-06-30,Narayanganj,92
2020-06-30,Narsingdi,5
2020-06-30,Rajbari,24
2020-06-30,Shariatpur,34
2020-06-30,Tangail,25
2020-06-30,Chuadanga,3
2020-06-30,Jessore,2
2020-06-30,Jhenaidah,4
2020-06-30,Khulna,225
2020-06-30,Kushtia,4
2020-06-30,Meherpur,6
2020-06-30,Narail,2
2020-06-30,Satkhira,9
2020-06-30,Jamalpur,14
2020-06-30,Mymensingh,26
2020-06-30,Netrakona,4
2020-06-30,Sherpur,3
2020-06-30,Bogra,136
2020-06-30,Joypurhat,57
2020-06-30,Naogaon,98
2020-06-30,Natore,55
2020-06-30,Nawabganj,2
2020-06-30,Pabna,5
2020-06-30,Rajshahi,29
2020-06-30,Sirajganj,10
2020-06-30,Dinajpur,5
2020-06-30,Gaibandha,4
2020-06-30,Kurigram,1
2020-06-30,Nilphamari,1
2020-06-30,Habiganj,57
2020-06-30,Maulvibazar,57
2020-06-30,Sunamganj,19
2020-06-30,Sylhet,186
2020-06-29,Barguna,1
2020-06-29,Barisal,23
2020-06-29,Bhola,2
2020-06-29,Jhalokati,4
2020-06-29,Patuakhali,6
2020-06-29,Pirojpur,1
2020-06-29,Bandarban,7
2020-06-29,Brahamanbaria,5
2020-06-29,Chandpur,15
2020-06-29,Chittagong,127
2020-06-29,Comilla,85
2020-06-29,Cox's Bazar,57
2020-06-29,Feni,23
2020-06-29,Lakshmipur,46
2020-06-29,Noakhali,60
2020-06-29,Rangamati,5
2020-06-29,Dhaka,577
2020-06-29,Faridpur,5
2020-06-29,Gazipur,29
2020-06-29,Gopalganj,6
2020-06-29,Kishoreganj,1
2020-06-29,Madaripur,19
2020-06-29,Manikganj,7
2020-06-29,Munshiganj,6
2020-06-29,Narayanganj,46
2020-06-29,Narsingdi,4
2020-06-29,Rajbari,6
2020-06-29,Shariatpur,86
2020-06-29,Tangail,9
2020-06-29,Bagerhat,2
2020-06-29,Chuadanga,2
2020-06-29,Jessore,3
2020-06-29,Jhenaidah,1
2020-06-29,Khulna,14
2020-06-29,Meherpur,3
2020-06-29,Jamalpur,11
2020-06-29,Mymensingh,32
2020-06-29,Netrakona,8
2020-06-29,Sherpur,9
2020-06-29,Bogra,51
2020-06-29,Natore,1
2020-06-29,Pabna,1
2020-06-29,Sirajganj,4
2020-06-29,Dinajpur,3
2020-06-29,Nilphamari,2
2020-06-29,Panchagarh,1
2020-06-29,Habiganj,5
2020-06-29,Maulvibazar,11
2020-06-29,Sunamganj,25
2020-06-29,Sylhet,111
2020-06-28, ,2
2020-06-28,Barguna,17
2020-06-28,Barisal,50
2020-06-28,Bhola,32
2020-06-28,Jhalokati,2
2020-06-28,Patuakhali,35
2020-06-28,Pirojpur,36
2020-06-28,Bandarban,99
2020-06-28,Brahamanbaria,13
2020-06-28,Chandpur,83
2020-06-28,Chittagong,138
2020-06-28,Comilla,529
2020-06-28,Cox's Bazar,198
2020-06-28,Feni,40
2020-06-28,Khagrachhari,12
2020-06-28,Lakshmipur,19
2020-06-28,Noakhali,56
2020-06-28,Rangamati,4
2020-06-28,Dhaka,1707
2020-06-28,Faridpur,4
2020-06-28,Gazipur,26
2020-06-28,Gopalganj,4
2020-06-28,Kishoreganj,6
2020-06-28,Madaripur,4
2020-06-28,Manikganj,28
2020-06-28,Munshiganj,7
2020-06-28,Narayanganj,141
2020-06-28,Narsingdi,9
2020-06-28,Rajbari,121
2020-06-28,Shariatpur,4
2020-06-28,Tangail,31
2020-06-28,Bagerhat,2
2020-06-28,Jhenaidah,4
2020-06-28,Khulna,4
2020-06-28,Kushtia,2
2020-06-28,Magura,2
2020-06-28,Narail,2
2020-06-28,Satkhira,2
2020-06-28,Jamalpur,8
2020-06-28,Mymensingh,163
2020-06-28,Netrakona,84
2020-06-28,Bogra,69
2020-06-28,Joypurhat,4
2020-06-28,Naogaon,3
2020-06-28,Natore,6
2020-06-28,Nawabganj,6
2020-06-28,Pabna,2
2020-06-28,Rajshahi,3
2020-06-28,Sirajganj,8
2020-06-28,Dinajpur,4
2020-06-28,Gaibandha,2
2020-06-28,Lalmonirhat,6
2020-06-28,Nilphamari,5
2020-06-28,Habiganj,69
2020-06-28,Maulvibazar,16
2020-06-28,Sunamganj,28
2020-06-28,Sylhet,267
2020-06-27, ,3
2020-06-27,Barguna,35
2020-06-27,Barisal,64
2020-06-27,Bhola,17
2020-06-27,Patuakhali,18
2020-06-27,Pirojpur,16
2020-06-27,Bandarban,18
2020-06-27,Brahamanbaria,9
2020-06-27,Chandpur,62
2020-06-27,Chittagong,68
2020-06-27,Comilla,314
2020-06-27,Cox's Bazar,28
2020-06-27,Feni,17
2020-06-27,Khagrachhari,20
2020-06-27,Lakshmipur,6
2020-06-27,Noakhali,41
2020-06-27,Rangamati,2
2020-06-27,Dhaka,1368
2020-06-27,Faridpur,124
2020-06-27,Gazipur,42
2020-06-27,Gopalganj,41
2020-06-27,Kishoreganj,8
2020-06-27,Madaripur,18
2020-06-27,Manikganj,5
2020-06-27,Munshiganj,5
2020-06-27,Narayanganj,179
2020-06-27,Narsingdi,11
2020-06-27,Rajbari,61
2020-06-27,Shariatpur,3
2020-06-27,Tangail,37
2020-06-27,Bagerhat,32
2020-06-27,Chuadanga,3
2020-06-27,Jessore,11
2020-06-27,Jhenaidah,22
2020-06-27,Khulna,163
2020-06-27,Kushtia,7
2020-06-27,Magura,9
2020-06-27,Meherpur,8
2020-06-27,Narail,9
2020-06-27,Satkhira,12
2020-06-27,Jamalpur,8
2020-06-27,Mymensingh,61
2020-06-27,Netrakona,12
2020-06-27,Sherpur,2
2020-06-27,Bogra,90
2020-06-27,Joypurhat,3
2020-06-27,Natore,4
2020-06-27,Nawabganj,2
2020-06-27,Pabna,7
2020-06-27,Sirajganj,39
2020-06-27,Dinajpur,24
2020-06-27,Gaibandha,7
2020-06-27,Kurigram,4
2020-06-27,Nilphamari,6
2020-06-27,Panchagarh,4
2020-06-27,Rangpur,2
2020-06-27,Habiganj,44
2020-06-27,Maulvibazar,12
2020-06-27,Sunamganj,71
2020-06-27,Sylhet,157
2020-06-26,Barguna,1
2020-06-26,Barisal,29
2020-06-26,Bhola,9
2020-06-26,Patuakhali,8
2020-06-26,Pirojpur,12
2020-06-26,Bandarban,48
2020-06-26,Brahamanbaria,6
2020-06-26,Chandpur,54
2020-06-26,Chittagong,210
2020-06-26,Comilla,120
2020-06-26,Cox's Bazar,77
2020-06-26,Feni,50
2020-06-26,Khagrachhari,5
2020-06-26,Lakshmipur,1
2020-06-26,Noakhali,31
2020-06-26,Rangamati,7
2020-06-26,Dhaka,704
2020-06-26,Faridpur,147
2020-06-26,Gazipur,30
2020-06-26,Gopalganj,35
2020-06-26,Kishoreganj,22
2020-06-26,Madaripur,3
2020-06-26,Manikganj,11
2020-06-26,Munshiganj,26
2020-06-26,Narayanganj,73
2020-06-26,Narsingdi,8
2020-06-26,Rajbari,31
2020-06-26,Shariatpur,1
2020-06-26,Tangail,8
2020-06-26,Bagerhat,6
2020-06-26,Chuadanga,8
2020-06-26,Jessore,81
2020-06-26,Jhenaidah,6
2020-06-26,Khulna,135
2020-06-26,Kushtia,103
2020-06-26,Magura,2
2020-06-26,Narail,43
2020-06-26,Satkhira,17
2020-06-26,Jamalpur,5
2020-06-26,Mymensingh,4
2020-06-26,Netrakona,4
2020-06-26,Sherpur,2
2020-06-26,Bogra,31
2020-06-26,Naogaon,3
2020-06-26,Natore,1
2020-06-26,Nawabganj,4
2020-06-26,Pabna,31
2020-06-26,Rajshahi,18
2020-06-26,Sirajganj,3
2020-06-26,Dinajpur,3
2020-06-26,Gaibandha,1
2020-06-26,Rangpur,8
2020-06-26,Thakurgaon,2
2020-06-26,Habiganj,44
2020-06-26,Maulvibazar,34
2020-06-26,Sunamganj,61
2020-06-26,Sylhet,99
2020-06-25,Barguna,2
2020-06-25,Barisal,5
2020-06-25,Bhola,19
2020-06-25,Jhalokati,2
2020-06-25,Patuakhali,12
2020-06-25,Pirojpur,9
2020-06-25,Bandarban,36
2020-06-25,Brahamanbaria,2
2020-06-25,Chandpur,30
2020-06-25,Chittagong,164
2020-06-25,Comilla,92
2020-06-25,Cox's Bazar,173
2020-06-25,Feni,16
2020-06-25,Khagrachhari,3
2020-06-25,Lakshmipur,6
2020-06-25,Noakhali,15
2020-06-25,Rangamati,10
2020-06-25,Dhaka,670
2020-06-25,Faridpur,1
2020-06-25,Gazipur,13
2020-06-25,Gopalganj,1
2020-06-25,Kishoreganj,1
2020-06-25,Manikganj,28
2020-06-25,Munshiganj,7
2020-06-25,Narayanganj,56
2020-06-25,Narsingdi,3
2020-06-25,Rajbari,32
2020-06-25,Shariatpur,1
2020-06-25,Tangail,8
2020-06-25,Bagerhat,1
2020-06-25,Jhenaidah,6
2020-06-25,Khulna,5
2020-06-25,Kushtia,59
2020-06-25,Magura,1
2020-06-25,Meherpur,2
2020-06-25,Narail,1
2020-06-25,Satkhira,2
2020-06-25,Jamalpur,7
2020-06-25,Mymensingh,7
2020-06-25,Netrakona,4
2020-06-25,Sherpur,9
2020-06-25,Bogra,90
2020-06-25,Natore,7
2020-06-25,Nawabganj,2
2020-06-25,Pabna,34
2020-06-25,Rajshahi,22
2020-06-25,Sirajganj,11
2020-06-25,Dinajpur,1
2020-06-25,Gaibandha,1
2020-06-25,Kurigram,1
2020-06-25,Rangpur,4
2020-06-25,Thakurgaon,1
2020-06-25,Habiganj,31
2020-06-25,Maulvibazar,25
2020-06-25,Sunamganj,10
2020-06-25,Sylhet,104
2020-06-24, ,2
2020-06-24,Barisal,7
2020-06-24,Bhola,3
2020-06-24,Patuakhali,1
2020-06-24,Pirojpur,3
2020-06-24,Bandarban,37
2020-06-24,Brahamanbaria,47
2020-06-24,Chandpur,50
2020-06-24,Chittagong,231
2020-06-24,Comilla,82
2020-06-24,Cox's Bazar,193
2020-06-24,Feni,71
2020-06-24,Lakshmipur,6
2020-06-24,Noakhali,23
2020-06-24,Rangamati,3
2020-06-24,Dhaka,802
2020-06-24,Faridpur,60
2020-06-24,Gazipur,51
2020-06-24,Gopalganj,20
2020-06-24,Kishoreganj,11
2020-06-24,Madaripur,5
2020-06-24,Munshiganj,19
2020-06-24,Narayanganj,142
2020-06-24,Narsingdi,6
2020-06-24,Rajbari,13
2020-06-24,Shariatpur,2
2020-06-24,Tangail,34
2020-06-24,Bagerhat,9
2020-06-24,Chuadanga,4
2020-06-24,Jessore,27
2020-06-24,Jhenaidah,5
2020-06-24,Khulna,201
2020-06-24,Kushtia,28
2020-06-24,Magura,4
2020-06-24,Meherpur,6
2020-06-24,Narail,14
2020-06-24,Satkhira,2
2020-06-24,Jamalpur,7
2020-06-24,Mymensingh,153
2020-06-24,Netrakona,11
2020-06-24,Sherpur,6
2020-06-24,Bogra,32
2020-06-24,Natore,1
2020-06-24,Pabna,6
2020-06-24,Rajshahi,2
2020-06-24,Sirajganj,6
2020-06-24,Dinajpur,11
2020-06-24,Kurigram,1
2020-06-24,Nilphamari,3
2020-06-24,Panchagarh,1
2020-06-24,Rangpur,1
2020-06-24,Thakurgaon,1
2020-06-24,Habiganj,32
2020-06-24,Maulvibazar,11
2020-06-24,Sunamganj,23
2020-06-24,Sylhet,113
2020-06-23,Barguna,9
2020-06-23,Barisal,12
2020-06-23,Bhola,2
2020-06-23,Jhalokati,17
2020-06-23,Patuakhali,12
2020-06-23,Pirojpur,11
2020-06-23,Bandarban,51
2020-06-23,Brahamanbaria,15
2020-06-23,Chandpur,48
2020-06-23,Chittagong,259
2020-06-23,Comilla,77
2020-06-23,Cox's Bazar,121
2020-06-23,Feni,43
2020-06-23,Lakshmipur,7
2020-06-23,Noakhali,39
2020-06-23,Rangamati,3
2020-06-23,Dhaka,927
2020-06-23,Faridpur,73
2020-06-23,Gazipur,64
2020-06-23,Gopalganj,20
2020-06-23,Kishoreganj,12
2020-06-23,Madaripur,5
2020-06-23,Manikganj,5
2020-06-23,Munshiganj,30
2020-06-23,Narayanganj,79
2020-06-23,Narsingdi,8
2020-06-23,Rajbari,20
2020-06-23,Shariatpur,21
2020-06-23,Tangail,19
2020-06-23,Bagerhat,30
2020-06-23,Chuadanga,5
2020-06-23,Jessore,26
2020-06-23,Jhenaidah,12
2020-06-23,Khulna,72
2020-06-23,Kushtia,70
2020-06-23,Magura,16
2020-06-23,Meherpur,4
2020-06-23,Narail,7
2020-06-23,Satkhira,6
2020-06-23,Jamalpur,5
2020-06-23,Mymensingh,53
2020-06-23,Netrakona,107
2020-06-23,Sherpur,3
2020-06-23,Bogra,62
2020-06-23,Joypurhat,1
2020-06-23,Naogaon,1
2020-06-23,Nawabganj,5
2020-06-23,Pabna,60
2020-06-23,Rajshahi,15
2020-06-23,Sirajganj,26
2020-06-23,Dinajpur,8
2020-06-23,Gaibandha,6
2020-06-23,Kurigram,2
2020-06-23,Lalmonirhat,2
2020-06-23,Nilphamari,2
2020-06-23,Panchagarh,1
2020-06-23,Rangpur,19
2020-06-23,Habiganj,27
2020-06-23,Maulvibazar,29
2020-06-23,Sunamganj,2
2020-06-23,Sylhet,103
2020-06-22,Barguna,1
2020-06-22,Barisal,53
2020-06-22,Bhola,3
2020-06-22,Jhalokati,2
2020-06-22,Patuakhali,11
2020-06-22,Pirojpur,10
2020-06-22,Bandarban,27
2020-06-22,Brahamanbaria,3
2020-06-22,Chandpur,35
2020-06-22,Chittagong,158
2020-06-22,Comilla,156
2020-06-22,Cox's Bazar,147
2020-06-22,Feni,2
2020-06-22,Khagrachhari,10
2020-06-22,Lakshmipur,4
2020-06-22,Noakhali,3
2020-06-22,Rangamati,16
2020-06-22,Dhaka,876
2020-06-22,Faridpur,67
2020-06-22,Gazipur,31
2020-06-22,Gopalganj,26
2020-06-22,Kishoreganj,8
2020-06-22,Madaripur,7
2020-06-22,Manikganj,6
2020-06-22,Munshiganj,6
2020-06-22,Narayanganj,38
2020-06-22,Narsingdi,22
2020-06-22,Rajbari,4
2020-06-22,Shariatpur,2
2020-06-22,Tangail,16
2020-06-22,Bagerhat,2
2020-06-22,Chuadanga,12
2020-06-22,Jessore,23
2020-06-22,Jhenaidah,8
2020-06-22,Khulna,58
2020-06-22,Kushtia,31
2020-06-22,Magura,8
2020-06-22,Meherpur,10
2020-06-22,Narail,7
2020-06-22,Satkhira,6
2020-06-22,Jamalpur,24
2020-06-22,Mymensingh,113
2020-06-22,Netrakona,7
2020-06-22,Sherpur,18
2020-06-22,Naogaon,2
2020-06-22,Natore,8
2020-06-22,Pabna,52
2020-06-22,Rajshahi,17
2020-06-22,Sirajganj,8
2020-06-22,Dinajpur,13
2020-06-22,Gaibandha,2
2020-06-22,Kurigram,3
2020-06-22,Lalmonirhat,4
2020-06-22,Nilphamari,8
2020-06-22,Panchagarh,4
2020-06-22,Rangpur,27
2020-06-22,Thakurgaon,2
2020-06-22,Habiganj,1
2020-06-22,Sunamganj,26
2020-06-22,Sylhet,46
2020-06-21,Barguna,1
2020-06-21,Barisal,94
2020-06-21,Bhola,1
2020-06-21,Jhalokati,27
2020-06-21,Patuakhali,9
2020-06-21,Pirojpur,8
2020-06-21,Bandarban,28
2020-06-21,Brahamanbaria,22
2020-06-21,Chandpur,43
2020-06-21,Chittagong,625
2020-06-21,Comilla,350
2020-06-21,Cox's Bazar,153
2020-06-21,Feni,18
2020-06-21,Khagrachhari,58
2020-06-21,Lakshmipur,10
2020-06-21,Noakhali,10
2020-06-21,Rangamati,72
2020-06-21,Dhaka,1305
2020-06-21,Faridpur,51
2020-06-21,Gazipur,89
2020-06-21,Gopalganj,32
2020-06-21,Kishoreganj,29
2020-06-21,Madaripur,7
2020-06-21,Manikganj,18
2020-06-21,Munshiganj,40
2020-06-21,Narayanganj,101
2020-06-21,Narsingdi,14
2020-06-21,Rajbari,5
2020-06-21,Shariatpur,3
2020-06-21,Tangail,19
2020-06-21,Bagerhat,15
2020-06-21,Chuadanga,11
2020-06-21,Jessore,28
2020-06-21,Jhenaidah,1
2020-06-21,Khulna,338
2020-06-21,Kushtia,85
2020-06-21,Magura,3
2020-06-21,Meherpur,3
2020-06-21,Narail,9
2020-06-21,Satkhira,5
2020-06-21,Jamalpur,34
2020-06-21,Mymensingh,181
2020-06-21,Netrakona,3
2020-06-21,Sherpur,3
2020-06-21,Bogra,162
2020-06-21,Joypurhat,4
2020-06-21,Naogaon,7
2020-06-21,Natore,29
2020-06-21,Nawabganj,5
2020-06-21,Pabna,13
2020-06-21,Rajshahi,29
2020-06-21,Sirajganj,9
2020-06-21,Dinajpur,37
2020-06-21,Gaibandha,10
2020-06-21,Kurigram,8
2020-06-21,Lalmonirhat,8
2020-06-21,Nilphamari,8
2020-06-21,Panchagarh,2
2020-06-21,Rangpur,47
2020-06-21,Thakurgaon,11
2020-06-21,Habiganj,79
2020-06-21,Maulvibazar,47
2020-06-21,Sunamganj,14
2020-06-21,Sylhet,143
2020-06-20, ,1
2020-06-20,Barguna,8
2020-06-20,Barisal,39
2020-06-20,Bhola,2
2020-06-20,Jhalokati,10
2020-06-20,Patuakhali,5
2020-06-20,Pirojpur,3
2020-06-20,Bandarban,32
2020-06-20,Brahamanbaria,81
2020-06-20,Chandpur,68
2020-06-20,Chittagong,275
2020-06-20,Comilla,73
2020-06-20,Cox's Bazar,134
2020-06-20,Feni,4
2020-06-20,Khagrachhari,1
2020-06-20,Lakshmipur,12
2020-06-20,Noakhali,7
2020-06-20,Rangamati,4
2020-06-20,Dhaka,1245
2020-06-20,Faridpur,54
2020-06-20,Gazipur,54
2020-06-20,Gopalganj,13
2020-06-20,Kishoreganj,8
2020-06-20,Madaripur,5
2020-06-20,Manikganj,36
2020-06-20,Munshiganj,10
2020-06-20,Narayanganj,63
2020-06-20,Narsingdi,11
2020-06-20,Rajbari,6
2020-06-20,Shariatpur,3
2020-06-20,Tangail,10
2020-06-20,Bagerhat,6
2020-06-20,Chuadanga,4
2020-06-20,Jessore,11
2020-06-20,Khulna,166
2020-06-20,Kushtia,19
2020-06-20,Magura,1
2020-06-20,Meherpur,4
2020-06-20,Narail,7
2020-06-20,Satkhira,2
2020-06-20,Jamalpur,14
2020-06-20,Mymensingh,171
2020-06-20,Netrakona,27
2020-06-20,Sherpur,31
2020-06-20,Bogra,102
2020-06-20,Joypurhat,2
2020-06-20,Naogaon,2
2020-06-20,Natore,9
2020-06-20,Nawabganj,2
2020-06-20,Pabna,5
2020-06-20,Rajshahi,10
2020-06-20,Sirajganj,7
2020-06-20,Dinajpur,23
2020-06-20,Gaibandha,14
2020-06-20,Kurigram,5
2020-06-20,Lalmonirhat,3
2020-06-20,Nilphamari,16
2020-06-20,Panchagarh,4
2020-06-20,Rangpur,26
2020-06-20,Habiganj,31
2020-06-20,Maulvibazar,12
2020-06-20,Sunamganj,8
2020-06-20,Sylhet,107
2020-06-19, ,1
2020-06-19,Barguna,8
2020-06-19,Barisal,72
2020-06-19,Bhola,23
2020-06-19,Jhalokati,19
2020-06-19,Patuakhali,18
2020-06-19,Pirojpur,4
2020-06-19,Bandarban,57
2020-06-19,Brahamanbaria,6
2020-06-19,Chandpur,38
2020-06-19,Chittagong,353
2020-06-19,Comilla,167
2020-06-19,Cox's Bazar,277
2020-06-19,Feni,12
2020-06-19,Khagrachhari,21
2020-06-19,Lakshmipur,7
2020-06-19,Noakhali,34
2020-06-19,Rangamati,3
2020-06-19,Dhaka,855
2020-06-19,Faridpur,32
2020-06-19,Gazipur,82
2020-06-19,Gopalganj,9
2020-06-19,Kishoreganj,6
2020-06-19,Madaripur,2
2020-06-19,Manikganj,25
2020-06-19,Munshiganj,38
2020-06-19,Narayanganj,116
2020-06-19,Narsingdi,3
2020-06-19,Rajbari,1
2020-06-19,Shariatpur,1
2020-06-19,Tangail,3
2020-06-19,Bagerhat,8
2020-06-19,Chuadanga,19
2020-06-19,Jessore,35
2020-06-19,Jhenaidah,5
2020-06-19,Khulna,202
2020-06-19,Kushtia,60
2020-06-19,Magura,3
2020-06-19,Meherpur,6
2020-06-19,Narail,8
2020-06-19,Satkhira,5
2020-06-19,Jamalpur,4
2020-06-19,Mymensingh,7
2020-06-19,Netrakona,2
2020-06-19,Bogra,57
2020-06-19,Joypurhat,6
2020-06-19,Naogaon,3
2020-06-19,Natore,5
2020-06-19,Nawabganj,1
2020-06-19,Pabna,11
2020-06-19,Rajshahi,4
2020-06-19,Sirajganj,3
2020-06-19,Dinajpur,24
2020-06-19,Gaibandha,19
2020-06-19,Kurigram,9
2020-06-19,Lalmonirhat,1
2020-06-19,Nilphamari,14
2020-06-19,Panchagarh,8
2020-06-19,Rangpur,39
2020-06-19,Thakurgaon,6
2020-06-19,Habiganj,25
2020-06-19,Maulvibazar,12
2020-06-19,Sunamganj,22
2020-06-19,Sylhet,125
2020-06-18,Barguna,3
2020-06-18,Barisal,42
2020-06-18,Bhola,18
2020-06-18,Jhalokati,10
2020-06-18,Patuakhali,20
2020-06-18,Pirojpur,1
2020-06-18,Bandarban,35
2020-06-18,Brahamanbaria,88
2020-06-18,Chandpur,10
2020-06-18,Chittagong,385
2020-06-18,Comilla,392
2020-06-18,Cox's Bazar,138
2020-06-18,Feni,9
2020-06-18,Khagrachhari,2
2020-06-18,Lakshmipur,10
2020-06-18,Noakhali,58
2020-06-18,Dhaka,1086
2020-06-18,Faridpur,41
2020-06-18,Gazipur,91
2020-06-18,Gopalganj,36
2020-06-18,Kishoreganj,25
2020-06-18,Madaripur,7
2020-06-18,Manikganj,21
2020-06-18,Munshiganj,75
2020-06-18,Narayanganj,62
2020-06-18,Narsingdi,9
2020-06-18,Rajbari,4
2020-06-18,Shariatpur,1
2020-06-18,Tangail,6
2020-06-18,Chuadanga,21
2020-06-18,Jessore,13
2020-06-18,Jhenaidah,20
2020-06-18,Khulna,135
2020-06-18,Kushtia,86
2020-06-18,Magura,2
2020-06-18,Meherpur,4
2020-06-18,Narail,2
2020-06-18,Satkhira,6
2020-06-18,Jamalpur,7
2020-06-18,Mymensingh,9
2020-06-18,Netrakona,4
2020-06-18,Bogra,81
2020-06-18,Joypurhat,10
2020-06-18,Naogaon,15
2020-06-18,Natore,26
2020-06-18,Nawabganj,2
2020-06-18,Pabna,64
2020-06-18,Rajshahi,11
2020-06-18,Sirajganj,6
2020-06-18,Dinajpur,31
2020-06-18,Gaibandha,12
2020-06-18,Kurigram,15
2020-06-18,Lalmonirhat,3
2020-06-18,Nilphamari,17
2020-06-18,Panchagarh,9
2020-06-18,Rangpur,26
2020-06-18,Thakurgaon,8
2020-06-18,Habiganj,3
2020-06-18,Maulvibazar,2
2020-06-18,Sunamganj,4
2020-06-18,Sylhet,61
2020-06-17, ,4
2020-06-17,Barguna,14
2020-06-17,Barisal,133
2020-06-17,Bhola,36
2020-06-17,Jhalokati,9
2020-06-17,Patuakhali,20
2020-06-17,Pirojpur,14
2020-06-17,Bandarban,25
2020-06-17,Brahamanbaria,20
2020-06-17,Chandpur,54
2020-06-17,Chittagong,360
2020-06-17,Comilla,196
2020-06-17,Cox's Bazar,141
2020-06-17,Feni,36
2020-06-17,Khagrachhari,10
2020-06-17,Lakshmipur,9
2020-06-17,Noakhali,39
2020-06-17,Rangamati,30
2020-06-17,Dhaka,1480
2020-06-17,Faridpur,30
2020-06-17,Gazipur,92
2020-06-17,Gopalganj,17
2020-06-17,Kishoreganj,28
2020-06-17,Madaripur,45
2020-06-17,Manikganj,28
2020-06-17,Munshiganj,17
2020-06-17,Narayanganj,285
2020-06-17,Narsingdi,21
2020-06-17,Rajbari,11
2020-06-17,Shariatpur,11
2020-06-17,Tangail,5
2020-06-17,Bagerhat,23
2020-06-17,Chuadanga,26
2020-06-17,Jessore,48
2020-06-17,Jhenaidah,5
2020-06-17,Khulna,173
2020-06-17,Kushtia,42
2020-06-17,Magura,2
2020-06-17,Meherpur,6
2020-06-17,Narail,11
2020-06-17,Satkhira,2
2020-06-17,Jamalpur,8
2020-06-17,Mymensingh,6
2020-06-17,Sherpur,1
2020-06-17,Bogra,107
2020-06-17,Joypurhat,6
2020-06-17,Naogaon,11
2020-06-17,Natore,21
2020-06-17,Nawabganj,9
2020-06-17,Pabna,40
2020-06-17,Rajshahi,6
2020-06-17,Sirajganj,8
2020-06-17,Dinajpur,38
2020-06-17,Gaibandha,15
2020-06-17,Kurigram,3
2020-06-17,Lalmonirhat,3
2020-06-17,Nilphamari,17
2020-06-17,Panchagarh,9
2020-06-17,Rangpur,28
2020-06-17,Thakurgaon,4
2020-06-17,Habiganj,10
2020-06-17,Maulvibazar,3
2020-06-17,Sunamganj,77
2020-06-17,Sylhet,72
2020-06-16, ,1
2020-06-16,Barguna,7
2020-06-16,Barisal,39
2020-06-16,Bhola,17
2020-06-16,Jhalokati,4
2020-06-16,Patuakhali,15
2020-06-16,Pirojpur,7
2020-06-16,Bandarban,10
2020-06-16,Brahamanbaria,3
2020-06-16,Chandpur,30
2020-06-16,Chittagong,404
2020-06-16,Comilla,80
2020-06-16,Cox's Bazar,153
2020-06-16,Feni,85
2020-06-16,Khagrachhari,7
2020-06-16,Lakshmipur,3
2020-06-16,Noakhali,15
2020-06-16,Rangamati,6
2020-06-16,Dhaka,831
2020-06-16,Faridpur,83
2020-06-16,Gazipur,52
2020-06-16,Gopalganj,23
2020-06-16,Kishoreganj,28
2020-06-16,Madaripur,46
2020-06-16,Manikganj,3
2020-06-16,Munshiganj,44
2020-06-16,Narayanganj,128
2020-06-16,Narsingdi,12
2020-06-16,Rajbari,12
2020-06-16,Shariatpur,14
2020-06-16,Bagerhat,4
2020-06-16,Chuadanga,4
2020-06-16,Jessore,27
2020-06-16,Jhenaidah,13
2020-06-16,Khulna,113
2020-06-16,Kushtia,14
2020-06-16,Magura,1
2020-06-16,Meherpur,2
2020-06-16,Narail,7
2020-06-16,Satkhira,9
2020-06-16,Jamalpur,1
2020-06-16,Mymensingh,6
2020-06-16,Netrakona,1
2020-06-16,Sherpur,1
2020-06-16,Bogra,57
2020-06-16,Joypurhat,2
2020-06-16,Naogaon,4
2020-06-16,Pabna,5
2020-06-16,Rajshahi,4
2020-06-16,Sirajganj,3
2020-06-16,Dinajpur,20
2020-06-16,Gaibandha,9
2020-06-16,Kurigram,2
2020-06-16,Nilphamari,7
2020-06-16,Panchagarh,1
2020-06-16,Rangpur,21
2020-06-16,Thakurgaon,2
2020-06-16,Habiganj,4
2020-06-16,Maulvibazar,2
2020-06-16,Sunamganj,48
2020-06-16,Sylhet,36
2020-06-15, ,5
2020-06-15,Barguna,2
2020-06-15,Barisal,71
2020-06-15,Bhola,30
2020-06-15,Jhalokati,7
2020-06-15,Patuakhali,12
2020-06-15,Pirojpur,14
2020-06-15,Bandarban,3
2020-06-15,Brahamanbaria,5
2020-06-15,Chandpur,63
2020-06-15,Chittagong,183
2020-06-15,Comilla,226
2020-06-15,Cox's Bazar,138
2020-06-15,Feni,85
2020-06-15,Khagrachhari,1
2020-06-15,Lakshmipur,8
2020-06-15,Noakhali,34
2020-06-15,Rangamati,14
2020-06-15,Dhaka,1126
2020-06-15,Faridpur,27
2020-06-15,Gazipur,51
2020-06-15,Gopalganj,4
2020-06-15,Kishoreganj,38
2020-06-15,Madaripur,64
2020-06-15,Manikganj,5
2020-06-15,Munshiganj,58
2020-06-15,Narayanganj,150
2020-06-15,Narsingdi,12
2020-06-15,Rajbari,17
2020-06-15,Shariatpur,28
2020-06-15,Tangail,10
2020-06-15,Bagerhat,11
2020-06-15,Chuadanga,4
2020-06-15,Jessore,62
2020-06-15,Jhenaidah,1
2020-06-15,Khulna,41
2020-06-15,Kushtia,37
2020-06-15,Magura,4
2020-06-15,Meherpur,2
2020-06-15,Narail,6
2020-06-15,Satkhira,7
2020-06-15,Jamalpur,7
2020-06-15,Mymensingh,8
2020-06-15,Bogra,128
2020-06-15,Joypurhat,4
2020-06-15,Naogaon,7
2020-06-15,Natore,10
2020-06-15,Nawabganj,2
2020-06-15,Pabna,16
2020-06-15,Rajshahi,5
2020-06-15,Sirajganj,9
2020-06-15,Dinajpur,18
2020-06-15,Gaibandha,16
2020-06-15,Kurigram,4
2020-06-15,Lalmonirhat,9
2020-06-15,Nilphamari,5
2020-06-15,Panchagarh,1
2020-06-15,Rangpur,37
2020-06-15,Thakurgaon,8
2020-06-15,Habiganj,2
2020-06-15,Maulvibazar,1
2020-06-15,Sunamganj,5
2020-06-15,Sylhet,32
2020-06-14,Barguna,22
2020-06-14,Barisal,95
2020-06-14,Bhola,21
2020-06-14,Jhalokati,23
2020-06-14,Patuakhali,47
2020-06-14,Pirojpur,12
2020-06-14,Bandarban,3
2020-06-14,Brahamanbaria,3
2020-06-14,Chandpur,46
2020-06-14,Chittagong,209
2020-06-14,Comilla,136
2020-06-14,Cox's Bazar,89
2020-06-14,Feni,39
2020-06-14,Khagrachhari,12
2020-06-14,Lakshmipur,4
2020-06-14,Noakhali,59
2020-06-14,Dhaka,610
2020-06-14,Faridpur,50
2020-06-14,Gazipur,30
2020-06-14,Gopalganj,22
2020-06-14,Kishoreganj,16
2020-06-14,Madaripur,27
2020-06-14,Manikganj,5
2020-06-14,Munshiganj,7
2020-06-14,Narayanganj,103
2020-06-14,Narsingdi,5
2020-06-14,Rajbari,6
2020-06-14,Shariatpur,17
2020-06-14,Tangail,11
2020-06-14,Bagerhat,2
2020-06-14,Chuadanga,7
2020-06-14,Jessore,22
2020-06-14,Jhenaidah,15
2020-06-14,Khulna,26
2020-06-14,Kushtia,8
2020-06-14,Magura,2
2020-06-14,Meherpur,3
2020-06-14,Narail,1
2020-06-14,Satkhira,4
2020-06-14,Jamalpur,9
2020-06-14,Mymensingh,58
2020-06-14,Netrakona,7
2020-06-14,Sherpur,4
2020-06-14,Bogra,134
2020-06-14,Joypurhat,2
2020-06-14,Naogaon,1
2020-06-14,Natore,2
2020-06-14,Nawabganj,3
2020-06-14,Pabna,16
2020-06-14,Rajshahi,2
2020-06-14,Sirajganj,9
2020-06-14,Dinajpur,14
2020-06-14,Gaibandha,13
2020-06-14,Lalmonirhat,5
2020-06-14,Nilphamari,8
2020-06-14,Panchagarh,1
2020-06-14,Rangpur,19
2020-06-14,Thakurgaon,1
2020-06-14,Habiganj,4
2020-06-14,Maulvibazar,1
2020-06-14,Sunamganj,36
2020-06-14,Sylhet,5
2020-06-13,Barguna,29
2020-06-13,Barisal,34
2020-06-13,Bhola,32
2020-06-13,Jhalokati,1
2020-06-13,Patuakhali,39
2020-06-13,Pirojpur,7
2020-06-13,Bandarban,3
2020-06-13,Brahamanbaria,9
2020-06-13,Chandpur,75
2020-06-13,Chittagong,240
2020-06-13,Comilla,221
2020-06-13,Cox's Bazar,76
2020-06-13,Feni,45
2020-06-13,Khagrachhari,17
2020-06-13,Lakshmipur,12
2020-06-13,Noakhali,52
2020-06-13,Rangamati,15
2020-06-13,Dhaka,987
2020-06-13,Faridpur,35
2020-06-13,Gazipur,47
2020-06-13,Gopalganj,13
2020-06-13,Kishoreganj,3
2020-06-13,Madaripur,42
2020-06-13,Manikganj,4
2020-06-13,Munshiganj,28
2020-06-13,Narayanganj,102
2020-06-13,Narsingdi,14
2020-06-13,Rajbari,39
2020-06-13,Shariatpur,74
2020-06-13,Tangail,13
2020-06-13,Bagerhat,17
2020-06-13,Chuadanga,1
2020-06-13,Jessore,26
2020-06-13,Jhenaidah,4
2020-06-13,Khulna,63
2020-06-13,Kushtia,34
2020-06-13,Magura,4
2020-06-13,Narail,8
2020-06-13,Satkhira,13
2020-06-13,Jamalpur,18
2020-06-13,Mymensingh,33
2020-06-13,Netrakona,5
2020-06-13,Sherpur,13
2020-06-13,Bogra,31
2020-06-13,Naogaon,13
2020-06-13,Natore,1
2020-06-13,Nawabganj,1
2020-06-13,Pabna,11
2020-06-13,Rajshahi,4
2020-06-13,Sirajganj,2
2020-06-13,Dinajpur,16
2020-06-13,Gaibandha,15
2020-06-13,Kurigram,3
2020-06-13,Lalmonirhat,5
2020-06-13,Nilphamari,3
2020-06-13,Panchagarh,6
2020-06-13,Rangpur,38
2020-06-13,Thakurgaon,2
2020-06-13,Habiganj,3
2020-06-13,Maulvibazar,1
2020-06-13,Sunamganj,50
2020-06-13,Sylhet,5
2020-06-12,Barguna,6
2020-06-12,Barisal,115
2020-06-12,Bhola,17
2020-06-12,Jhalokati,7
2020-06-12,Patuakhali,41
2020-06-12,Pirojpur,8
2020-06-12,Bandarban,5
2020-06-12,Brahamanbaria,1
2020-06-12,Chandpur,42
2020-06-12,Chittagong,202
2020-06-12,Comilla,137
2020-06-12,Cox's Bazar,105
2020-06-12,Feni,68
2020-06-12,Khagrachhari,13
2020-06-12,Lakshmipur,3
2020-06-12,Noakhali,15
2020-06-12,Rangamati,7
2020-06-12,Dhaka,729
2020-06-12,Faridpur,46
2020-06-12,Gazipur,40
2020-06-12,Gopalganj,13
2020-06-12,Kishoreganj,32
2020-06-12,Madaripur,63
2020-06-12,Manikganj,12
2020-06-12,Munshiganj,3
2020-06-12,Narayanganj,70
2020-06-12,Narsingdi,19
2020-06-12,Rajbari,6
2020-06-12,Shariatpur,7
2020-06-12,Tangail,5
2020-06-12,Bagerhat,22
2020-06-12,Chuadanga,8
2020-06-12,Jessore,32
2020-06-12,Jhenaidah,22
2020-06-12,Khulna,74
2020-06-12,Kushtia,1
2020-06-12,Magura,6
2020-06-12,Narail,9
2020-06-12,Satkhira,1
2020-06-12,Jamalpur,17
2020-06-12,Mymensingh,57
2020-06-12,Netrakona,2
2020-06-12,Sherpur,7
2020-06-12,Bogra,32
2020-06-12,Joypurhat,4
2020-06-12,Naogaon,12
2020-06-12,Natore,8
2020-06-12,Nawabganj,2
2020-06-12,Pabna,16
2020-06-12,Rajshahi,1
2020-06-12,Sirajganj,1
2020-06-12,Dinajpur,3
2020-06-12,Gaibandha,4
2020-06-12,Kurigram,4
2020-06-12,Lalmonirhat,7
2020-06-12,Nilphamari,8
2020-06-12,Panchagarh,4
2020-06-12,Rangpur,31
2020-06-12,Thakurgaon,2
2020-06-12,Habiganj,4
2020-06-12,Maulvibazar,2
2020-06-12,Sunamganj,17
2020-06-12,Sylhet,51
2020-06-11, ,3
2020-06-11,Barguna,3
2020-06-11,Barisal,100
2020-06-11,Bhola,13
2020-06-11,Jhalokati,11
2020-06-11,Patuakhali,19
2020-06-11,Pirojpur,6
2020-06-11,Bandarban,5
2020-06-11,Brahamanbaria,22
2020-06-11,Chandpur,49
2020-06-11,Chittagong,181
2020-06-11,Comilla,114
2020-06-11,Cox's Bazar,125
2020-06-11,Feni,72
2020-06-11,Lakshmipur,4
2020-06-11,Noakhali,35
2020-06-11,Rangamati,1
2020-06-11,Dhaka,1021
2020-06-11,Faridpur,51
2020-06-11,Gazipur,52
2020-06-11,Gopalganj,18
2020-06-11,Kishoreganj,20
2020-06-11,Madaripur,22
2020-06-11,Manikganj,10
2020-06-11,Munshiganj,63
2020-06-11,Narayanganj,122
2020-06-11,Narsingdi,15
2020-06-11,Rajbari,7
2020-06-11,Shariatpur,7
2020-06-11,Tangail,4
2020-06-11,Bagerhat,3
2020-06-11,Chuadanga,6
2020-06-11,Jessore,17
2020-06-11,Jhenaidah,7
2020-06-11,Khulna,64
2020-06-11,Kushtia,45
2020-06-11,Magura,12
2020-06-11,Narail,5
2020-06-11,Satkhira,3
2020-06-11,Jamalpur,34
2020-06-11,Mymensingh,46
2020-06-11,Netrakona,10
2020-06-11,Sherpur,11
2020-06-11,Bogra,63
2020-06-11,Naogaon,2
2020-06-11,Natore,1
2020-06-11,Nawabganj,1
2020-06-11,Pabna,13
2020-06-11,Rajshahi,4
2020-06-11,Sirajganj,4
2020-06-11,Dinajpur,22
2020-06-11,Gaibandha,18
2020-06-11,Kurigram,6
2020-06-11,Lalmonirhat,2
2020-06-11,Nilphamari,6
2020-06-11,Panchagarh,1
2020-06-11,Rangpur,32
2020-06-11,Thakurgaon,6
2020-06-11,Habiganj,2
2020-06-11,Maulvibazar,2
2020-06-11,Sunamganj,24
2020-06-11,Sylhet,77
2020-06-10,Barguna,10
2020-06-10,Barisal,89
2020-06-10,Bhola,7
2020-06-10,Jhalokati,8
2020-06-10,Patuakhali,58
2020-06-10,Pirojpur,1
2020-06-10,Bandarban,15
2020-06-10,Brahamanbaria,78
2020-06-10,Chandpur,15
2020-06-10,Chittagong,166
2020-06-10,Comilla,61
2020-06-10,Cox's Bazar,156
2020-06-10,Feni,39
2020-06-10,Khagrachhari,1
2020-06-10,Lakshmipur,4
2020-06-10,Noakhali,70
2020-06-10,Dhaka,980
2020-06-10,Faridpur,35
2020-06-10,Gazipur,50
2020-06-10,Gopalganj,21
2020-06-10,Kishoreganj,10
2020-06-10,Madaripur,18
2020-06-10,Manikganj,8
2020-06-10,Munshiganj,8
2020-06-10,Narayanganj,83
2020-06-10,Narsingdi,8
2020-06-10,Rajbari,8
2020-06-10,Shariatpur,10
2020-06-10,Tangail,8
2020-06-10,Bagerhat,4
2020-06-10,Chuadanga,7
2020-06-10,Jessore,30
2020-06-10,Jhenaidah,1
2020-06-10,Khulna,60
2020-06-10,Kushtia,46
2020-06-10,Magura,2
2020-06-10,Meherpur,1
2020-06-10,Narail,6
2020-06-10,Satkhira,6
2020-06-10,Jamalpur,4
2020-06-10,Mymensingh,59
2020-06-10,Netrakona,28
2020-06-10,Sherpur,7
2020-06-10,Bogra,51
2020-06-10,Joypurhat,1
2020-06-10,Naogaon,1
2020-06-10,Natore,9
2020-06-10,Nawabganj,14
2020-06-10,Pabna,37
2020-06-10,Rajshahi,3
2020-06-10,Sirajganj,1
2020-06-10,Dinajpur,13
2020-06-10,Gaibandha,10
2020-06-10,Kurigram,2
2020-06-10,Lalmonirhat,2
2020-06-10,Nilphamari,6
2020-06-10,Panchagarh,6
2020-06-10,Rangpur,34
2020-06-10,Thakurgaon,1
2020-06-10,Habiganj,4
2020-06-10,Maulvibazar,24
2020-06-10,Sunamganj,40
2020-06-10,Sylhet,23
2020-06-09, ,1
2020-06-09,Barguna,27
2020-06-09,Barisal,53
2020-06-09,Bhola,3
2020-06-09,Jhalokati,12
2020-06-09,Patuakhali,3
2020-06-09,Pirojpur,8
2020-06-09,Bandarban,24
2020-06-09,Brahamanbaria,27
2020-06-09,Chandpur,12
2020-06-09,Chittagong,183
2020-06-09,Comilla,103
2020-06-09,Cox's Bazar,144
2020-06-09,Feni,58
2020-06-09,Khagrachhari,4
2020-06-09,Lakshmipur,2
2020-06-09,Noakhali,65
2020-06-09,Dhaka,881
2020-06-09,Faridpur,28
2020-06-09,Gazipur,53
2020-06-09,Gopalganj,15
2020-06-09,Kishoreganj,16
2020-06-09,Madaripur,49
2020-06-09,Manikganj,12
2020-06-09,Munshiganj,137
2020-06-09,Narayanganj,153
2020-06-09,Narsingdi,7
2020-06-09,Rajbari,8
2020-06-09,Shariatpur,13
2020-06-09,Tangail,7
2020-06-09,Bagerhat,4
2020-06-09,Chuadanga,11
2020-06-09,Jessore,4
2020-06-09,Jhenaidah,12
2020-06-09,Khulna,31
2020-06-09,Kushtia,27
2020-06-09,Magura,9
2020-06-09,Meherpur,5
2020-06-09,Narail,2
2020-06-09,Satkhira,2
2020-06-09,Jamalpur,16
2020-06-09,Mymensingh,124
2020-06-09,Netrakona,9
2020-06-09,Sherpur,27
2020-06-09,Bogra,39
2020-06-09,Naogaon,1
2020-06-09,Natore,7
2020-06-09,Nawabganj,5
2020-06-09,Pabna,13
2020-06-09,Rajshahi,7
2020-06-09,Sirajganj,6
2020-06-09,Dinajpur,12
2020-06-09,Gaibandha,24
2020-06-09,Kurigram,4
2020-06-09,Lalmonirhat,2
2020-06-09,Nilphamari,21
2020-06-09,Panchagarh,1
2020-06-09,Rangpur,39
2020-06-09,Thakurgaon,4
2020-06-09,Maulvibazar,1
2020-06-09,Sunamganj,19
2020-06-09,Sylhet,39
2020-06-08,Barguna,7
2020-06-08,Barisal,106
2020-06-08,Bhola,7
2020-06-08,Jhalokati,6
2020-06-08,Patuakhali,9
2020-06-08,Pirojpur,7
2020-06-08,Bandarban,21
2020-06-08,Brahamanbaria,33
2020-06-08,Chandpur,9
2020-06-08,Chittagong,191
2020-06-08,Comilla,101
2020-06-08,Cox's Bazar,162
2020-06-08,Feni,13
2020-06-08,Khagrachhari,17
2020-06-08,Lakshmipur,5
2020-06-08,Noakhali,93
2020-06-08,Dhaka,686
2020-06-08,Faridpur,47
2020-06-08,Gazipur,40
2020-06-08,Gopalganj,14
2020-06-08,Kishoreganj,26
2020-06-08,Madaripur,34
2020-06-08,Manikganj,14
2020-06-08,Munshiganj,60
2020-06-08,Narayanganj,64
2020-06-08,Narsingdi,6
2020-06-08,Rajbari,6
2020-06-08,Shariatpur,4
2020-06-08,Tangail,5
2020-06-08,Bagerhat,1
2020-06-08,Chuadanga,7
2020-06-08,Jessore,15
2020-06-08,Jhenaidah,12
2020-06-08,Khulna,57
2020-06-08,Kushtia,31
2020-06-08,Magura,2
2020-06-08,Meherpur,2
2020-06-08,Narail,21
2020-06-08,Satkhira,4
2020-06-08,Jamalpur,2
2020-06-08,Mymensingh,40
2020-06-08,Sherpur,12
2020-06-08,Bogra,44
2020-06-08,Naogaon,2
2020-06-08,Natore,5
2020-06-08,Pabna,1
2020-06-08,Rajshahi,6
2020-06-08,Sirajganj,2
2020-06-08,Dinajpur,4
2020-06-08,Gaibandha,9
2020-06-08,Kurigram,4
2020-06-08,Lalmonirhat,5
2020-06-08,Nilphamari,5
2020-06-08,Panchagarh,6
2020-06-08,Rangpur,37
2020-06-08,Sunamganj,22
2020-06-08,Sylhet,50
2020-06-07,Barisal,10
2020-06-07,Bhola,8
2020-06-07,Jhalokati,8
2020-06-07,Patuakhali,2
2020-06-07,Pirojpur,2
2020-06-07,Bandarban,1
2020-06-07,Brahamanbaria,26
2020-06-07,Chandpur,2
2020-06-07,Chittagong,171
2020-06-07,Comilla,32
2020-06-07,Cox's Bazar,23
2020-06-07,Feni,75
2020-06-07,Khagrachhari,6
2020-06-07,Lakshmipur,1
2020-06-07,Noakhali,6
2020-06-07,Rangamati,18
2020-06-07,Dhaka,714
2020-06-07,Faridpur,25
2020-06-07,Gazipur,56
2020-06-07,Gopalganj,14
2020-06-07,Kishoreganj,36
2020-06-07,Madaripur,11
2020-06-07,Manikganj,21
2020-06-07,Munshiganj,74
2020-06-07,Narayanganj,147
2020-06-07,Narsingdi,3
2020-06-07,Rajbari,2
2020-06-07,Shariatpur,10
2020-06-07,Tangail,7
2020-06-07,Bagerhat,4
2020-06-07,Chuadanga,11
2020-06-07,Jessore,14
2020-06-07,Jhenaidah,4
2020-06-07,Khulna,37
2020-06-07,Kushtia,17
2020-06-07,Magura,3
2020-06-07,Meherpur,5
2020-06-07,Jamalpur,29
2020-06-07,Mymensingh,75
2020-06-07,Netrakona,8
2020-06-07,Sherpur,4
2020-06-07,Bogra,32
2020-06-07,Naogaon,3
2020-06-07,Nawabganj,4
2020-06-07,Pabna,3
2020-06-07,Sirajganj,5
2020-06-07,Dinajpur,15
2020-06-07,Gaibandha,7
2020-06-07,Kurigram,5
2020-06-07,Nilphamari,1
2020-06-07,Rangpur,22
2020-06-07,Thakurgaon,5
2020-06-07,Habiganj,1
2020-06-07,Maulvibazar,2
2020-06-07,Sunamganj,34
2020-06-07,Sylhet,34
2020-06-06, ,2
2020-06-06,Barguna,1
2020-06-06,Barisal,83
2020-06-06,Bhola,2
2020-06-06,Jhalokati,7
2020-06-06,Patuakhali,8
2020-06-06,Pirojpur,6
2020-06-06,Bandarban,8
2020-06-06,Brahamanbaria,21
2020-06-06,Chandpur,14
2020-06-06,Chittagong,269
2020-06-06,Comilla,42
2020-06-06,Cox's Bazar,69
2020-06-06,Feni,17
2020-06-06,Lakshmipur,9
2020-06-06,Noakhali,64
2020-06-06,Dhaka,660
2020-06-06,Faridpur,34
2020-06-06,Gazipur,32
2020-06-06,Gopalganj,6
2020-06-06,Kishoreganj,36
2020-06-06,Madaripur,36
2020-06-06,Manikganj,13
2020-06-06,Munshiganj,46
2020-06-06,Narayanganj,221
2020-06-06,Narsingdi,5
2020-06-06,Rajbari,12
2020-06-06,Shariatpur,10
2020-06-06,Tangail,3
2020-06-06,Bagerhat,13
2020-06-06,Chuadanga,2
2020-06-06,Jessore,7
2020-06-06,Jhenaidah,4
2020-06-06,Khulna,42
2020-06-06,Kushtia,12
2020-06-06,Magura,1
2020-06-06,Meherpur,3
2020-06-06,Narail,2
2020-06-06,Satkhira,2
2020-06-06,Jamalpur,17
2020-06-06,Mymensingh,78
2020-06-06,Netrakona,8
2020-06-06,Sherpur,11
2020-06-06,Bogra,43
2020-06-06,Nawabganj,1
2020-06-06,Pabna,57
2020-06-06,Rajshahi,2
2020-06-06,Sirajganj,4
2020-06-06,Dinajpur,25
2020-06-06,Gaibandha,11
2020-06-06,Kurigram,2
2020-06-06,Lalmonirhat,2
2020-06-06,Nilphamari,1
2020-06-06,Panchagarh,1
2020-06-06,Rangpur,7
2020-06-06,Thakurgaon,6
2020-06-06,Sunamganj,4
2020-06-06,Sylhet,61
2020-06-05, ,2
2020-06-05,Barguna,4
2020-06-05,Barisal,47
2020-06-05,Bhola,10
2020-06-05,Jhalokati,9
2020-06-05,Patuakhali,5
2020-06-05,Pirojpur,7
2020-06-05,Brahamanbaria,2
2020-06-05,Chandpur,15
2020-06-05,Chittagong,240
2020-06-05,Comilla,45
2020-06-05,Cox's Bazar,2
2020-06-05,Feni,45
2020-06-05,Lakshmipur,5
2020-06-05,Noakhali,17
2020-06-05,Dhaka,795
2020-06-05,Faridpur,19
2020-06-05,Gazipur,36
2020-06-05,Gopalganj,20
2020-06-05,Kishoreganj,21
2020-06-05,Madaripur,4
2020-06-05,Manikganj,20
2020-06-05,Munshiganj,6
2020-06-05,Narayanganj,100
2020-06-05,Narsingdi,6
2020-06-05,Rajbari,4
2020-06-05,Shariatpur,4
2020-06-05,Tangail,2
2020-06-05,Bagerhat,2
2020-06-05,Chuadanga,13
2020-06-05,Jessore,8
2020-06-05,Khulna,6
2020-06-05,Kushtia,17
2020-06-05,Magura,2
2020-06-05,Narail,6
2020-06-05,Satkhira,1
2020-06-05,Jamalpur,2
2020-06-05,Mymensingh,49
2020-06-05,Netrakona,66
2020-06-05,Sherpur,2
2020-06-05,Bogra,28
2020-06-05,Naogaon,5
2020-06-05,Natore,6
2020-06-05,Pabna,29
2020-06-05,Rajshahi,1
2020-06-05,Sirajganj,1
2020-06-05,Dinajpur,7
2020-06-05,Kurigram,2
2020-06-05,Nilphamari,3
2020-06-05,Rangpur,20
2020-06-05,Habiganj,2
2020-06-05,Maulvibazar,1
2020-06-05,Sunamganj,12
2020-06-05,Sylhet,49
2020-06-04,Barguna,9
2020-06-04,Barisal,128
2020-06-04,Bhola,12
2020-06-04,Jhalokati,1
2020-06-04,Patuakhali,5
2020-06-04,Pirojpur,6
2020-06-04,Bandarban,2
2020-06-04,Brahamanbaria,69
2020-06-04,Chandpur,32
2020-06-04,Chittagong,108
2020-06-04,Comilla,208
2020-06-04,Cox's Bazar,18
2020-06-04,Feni,33
2020-06-04,Lakshmipur,2
2020-06-04,Noakhali,73
2020-06-04,Rangamati,1
2020-06-04,Dhaka,990
2020-06-04,Faridpur,30
2020-06-04,Gazipur,70
2020-06-04,Gopalganj,22
2020-06-04,Kishoreganj,26
2020-06-04,Madaripur,36
2020-06-04,Manikganj,73
2020-06-04,Munshiganj,45
2020-06-04,Narayanganj,133
2020-06-04,Narsingdi,7
2020-06-04,Rajbari,3
2020-06-04,Shariatpur,21
2020-06-04,Tangail,12
2020-06-04,Bagerhat,2
2020-06-04,Chuadanga,1
2020-06-04,Jessore,13
2020-06-04,Jhenaidah,2
2020-06-04,Khulna,55
2020-06-04,Kushtia,14
2020-06-04,Satkhira,2
2020-06-04,Jamalpur,25
2020-06-04,Mymensingh,50
2020-06-04,Netrakona,2
2020-06-04,Sherpur,10
2020-06-04,Bogra,38
2020-06-04,Joypurhat,3
2020-06-04,Naogaon,4
2020-06-04,Natore,4
2020-06-04,Pabna,4
2020-06-04,Rajshahi,1
2020-06-04,Sirajganj,7
2020-06-04,Dinajpur,8
2020-06-04,Gaibandha,5
2020-06-04,Lalmonirhat,4
2020-06-04,Nilphamari,2
2020-06-04,Panchagarh,4
2020-06-04,Rangpur,14
2020-06-04,Thakurgaon,16
2020-06-04,Habiganj,2
2020-06-04,Maulvibazar,3
2020-06-04,Sunamganj,27
2020-06-04,Sylhet,89
2020-06-03, ,2
2020-06-03,Barguna,12
2020-06-03,Barisal,66
2020-06-03,Bhola,8
2020-06-03,Jhalokati,10
2020-06-03,Patuakhali,2
2020-06-03,Pirojpur,6
2020-06-03,Bandarban,2
2020-06-03,Brahamanbaria,27
2020-06-03,Chandpur,41
2020-06-03,Chittagong,153
2020-06-03,Comilla,118
2020-06-03,Cox's Bazar,65
2020-06-03,Feni,12
2020-06-03,Lakshmipur,4
2020-06-03,Noakhali,37
2020-06-03,Dhaka,1098
2020-06-03,Faridpur,34
2020-06-03,Gazipur,45
2020-06-03,Gopalganj,3
2020-06-03,Kishoreganj,26
2020-06-03,Madaripur,20
2020-06-03,Manikganj,3
2020-06-03,Munshiganj,96
2020-06-03,Narayanganj,76
2020-06-03,Narsingdi,3
2020-06-03,Rajbari,2
2020-06-03,Shariatpur,11
2020-06-03,Tangail,6
2020-06-03,Bagerhat,10
2020-06-03,Chuadanga,2
2020-06-03,Jessore,11
2020-06-03,Jhenaidah,2
2020-06-03,Khulna,4
2020-06-03,Kushtia,33
2020-06-03,Magura,10
2020-06-03,Meherpur,1
2020-06-03,Satkhira,3
2020-06-03,Jamalpur,39
2020-06-03,Mymensingh,15
2020-06-03,Netrakona,2
2020-06-03,Sherpur,12
2020-06-03,Bogra,19
2020-06-03,Joypurhat,6
2020-06-03,Naogaon,16
2020-06-03,Nawabganj,4
2020-06-03,Pabna,8
2020-06-03,Rajshahi,2
2020-06-03,Sirajganj,3
2020-06-03,Dinajpur,15
2020-06-03,Gaibandha,7
2020-06-03,Kurigram,6
2020-06-03,Nilphamari,6
2020-06-03,Panchagarh,4
2020-06-03,Rangpur,16
2020-06-03,Thakurgaon,2
2020-06-03,Habiganj,4
2020-06-03,Maulvibazar,32
2020-06-03,Sunamganj,10
2020-06-03,Sylhet,67
2020-06-02,Barguna,4
2020-06-02,Barisal,86
2020-06-02,Bhola,10
2020-06-02,Patuakhali,8
2020-06-02,Pirojpur,5
2020-06-02,Bandarban,3
2020-06-02,Brahamanbaria,11
2020-06-02,Chandpur,45
2020-06-02,Chittagong,242
2020-06-02,Comilla,125
2020-06-02,Cox's Bazar,117
2020-06-02,Feni,30
2020-06-02,Khagrachhari,2
2020-06-02,Lakshmipur,5
2020-06-02,Noakhali,91
2020-06-02,Rangamati,3
2020-06-02,Dhaka,1167
2020-06-02,Faridpur,7
2020-06-02,Gazipur,65
2020-06-02,Gopalganj,2
2020-06-02,Kishoreganj,8
2020-06-02,Madaripur,21
2020-06-02,Manikganj,19
2020-06-02,Munshiganj,52
2020-06-02,Narayanganj,167
2020-06-02,Narsingdi,4
2020-06-02,Rajbari,14
2020-06-02,Shariatpur,11
2020-06-02,Tangail,7
2020-06-02,Bagerhat,1
2020-06-02,Chuadanga,3
2020-06-02,Jessore,2
2020-06-02,Jhenaidah,2
2020-06-02,Khulna,25
2020-06-02,Kushtia,10
2020-06-02,Magura,4
2020-06-02,Satkhira,1
2020-06-02,Jamalpur,10
2020-06-02,Mymensingh,10
2020-06-02,Netrakona,5
2020-06-02,Sherpur,11
2020-06-02,Bogra,44
2020-06-02,Joypurhat,7
2020-06-02,Naogaon,19
2020-06-02,Natore,6
2020-06-02,Nawabganj,1
2020-06-02,Pabna,16
2020-06-02,Rajshahi,3
2020-06-02,Sirajganj,4
2020-06-02,Dinajpur,29
2020-06-02,Kurigram,3
2020-06-02,Lalmonirhat,5
2020-06-02,Nilphamari,2
2020-06-02,Rangpur,22
2020-06-02,Habiganj,6
2020-06-02,Maulvibazar,12
2020-06-02,Sylhet,22
2020-06-01,Barguna,8
2020-06-01,Barisal,71
2020-06-01,Bhola,5
2020-06-01,Jhalokati,3
2020-06-01,Patuakhali,6
2020-06-01,Pirojpur,8
2020-06-01,Bandarban,5
2020-06-01,Brahamanbaria,3
2020-06-01,Chandpur,11
2020-06-01,Chittagong,203
2020-06-01,Comilla,54
2020-06-01,Cox's Bazar,106
2020-06-01,Feni,19
2020-06-01,Khagrachhari,3
2020-06-01,Lakshmipur,2
2020-06-01,Noakhali,71
2020-06-01,Rangamati,6
2020-06-01,Dhaka,613
2020-06-01,Faridpur,7
2020-06-01,Gazipur,49
2020-06-01,Gopalganj,1
2020-06-01,Kishoreganj,5
2020-06-01,Madaripur,20
2020-06-01,Manikganj,1
2020-06-01,Munshiganj,3
2020-06-01,Narayanganj,41
2020-06-01,Narsingdi,3
2020-06-01,Rajbari,2
2020-06-01,Shariatpur,8
2020-06-01,Tangail,9
2020-06-01,Bagerhat,2
2020-06-01,Jessore,2
2020-06-01,Khulna,19
2020-06-01,Kushtia,4
2020-06-01,Satkhira,2
2020-06-01,Jamalpur,9
2020-06-01,Mymensingh,46
2020-06-01,Netrakona,12
2020-06-01,Sherpur,1
2020-06-01,Bogra,21
2020-06-01,Natore,3
2020-06-01,Pabna,3
2020-06-01,Rajshahi,8
2020-06-01,Sirajganj,6
2020-06-01,Dinajpur,11
2020-06-01,Gaibandha,6
2020-06-01,Kurigram,2
2020-06-01,Lalmonirhat,2
2020-06-01,Nilphamari,14
2020-06-01,Rangpur,25
2020-06-01,Thakurgaon,12
2020-06-01,Habiganj,1
2020-06-01,Maulvibazar,4
2020-06-01,Sunamganj,6
2020-06-01,Sylhet,82
2020-05-31,Barguna,6
2020-05-31,Barisal,66
2020-05-31,Bhola,9
2020-05-31,Jhalokati,2
2020-05-31,Patuakhali,7
2020-05-31,Pirojpur,7
2020-05-31,Bandarban,7
2020-05-31,Brahamanbaria,4
2020-05-31,Chandpur,38
2020-05-31,Chittagong,224
2020-05-31,Comilla,148
2020-05-31,Cox's Bazar,68
2020-05-31,Feni,67
2020-05-31,Khagrachhari,7
2020-05-31,Lakshmipur,4
2020-05-31,Noakhali,172
2020-05-31,Rangamati,1
2020-05-31,Dhaka,1358
2020-05-31,Faridpur,53
2020-05-31,Gazipur,107
2020-05-31,Gopalganj,30
2020-05-31,Kishoreganj,2
2020-05-31,Madaripur,31
2020-05-31,Manikganj,30
2020-05-31,Munshiganj,56
2020-05-31,Narayanganj,190
2020-05-31,Narsingdi,3
2020-05-31,Rajbari,12
2020-05-31,Shariatpur,6
2020-05-31,Tangail,5
2020-05-31,Bagerhat,7
2020-05-31,Chuadanga,5
2020-05-31,Jessore,9
2020-05-31,Jhenaidah,8
2020-05-31,Khulna,10
2020-05-31,Kushtia,8
2020-05-31,Magura,5
2020-05-31,Meherpur,6
2020-05-31,Narail,4
2020-05-31,Satkhira,7
2020-05-31,Jamalpur,1
2020-05-31,Mymensingh,12
2020-05-31,Netrakona,19
2020-05-31,Sherpur,3
2020-05-31,Bogra,31
2020-05-31,Joypurhat,21
2020-05-31,Naogaon,19
2020-05-31,Natore,3
2020-05-31,Nawabganj,1
2020-05-31,Pabna,7
2020-05-31,Rajshahi,1
2020-05-31,Sirajganj,9
2020-05-31,Dinajpur,11
2020-05-31,Gaibandha,21
2020-05-31,Kurigram,5
2020-05-31,Lalmonirhat,8
2020-05-31,Nilphamari,20
2020-05-31,Panchagarh,12
2020-05-31,Rangpur,28
2020-05-31,Thakurgaon,6
2020-05-31,Habiganj,1
2020-05-31,Maulvibazar,1
2020-05-31,Sunamganj,2
2020-05-31,Sylhet,112
2020-05-30, ,1
2020-05-30,Barguna,1
2020-05-30,Barisal,87
2020-05-30,Bhola,4
2020-05-30,Jhalokati,2
2020-05-30,Patuakhali,4
2020-05-30,Pirojpur,3
2020-05-30,Bandarban,3
2020-05-30,Brahamanbaria,5
2020-05-30,Chandpur,6
2020-05-30,Chittagong,154
2020-05-30,Comilla,95
2020-05-30,Cox's Bazar,66
2020-05-30,Feni,19
2020-05-30,Khagrachhari,1
2020-05-30,Lakshmipur,3
2020-05-30,Noakhali,102
2020-05-30,Dhaka,518
2020-05-30,Faridpur,3
2020-05-30,Gazipur,38
2020-05-30,Gopalganj,6
2020-05-30,Kishoreganj,1
2020-05-30,Madaripur,19
2020-05-30,Manikganj,4
2020-05-30,Munshiganj,3
2020-05-30,Narayanganj,107
2020-05-30,Narsingdi,1
2020-05-30,Rajbari,2
2020-05-30,Shariatpur,2
2020-05-30,Tangail,6
2020-05-30,Bagerhat,2
2020-05-30,Chuadanga,2
2020-05-30,Jhenaidah,3
2020-05-30,Khulna,2
2020-05-30,Kushtia,9
2020-05-30,Magura,2
2020-05-30,Meherpur,3
2020-05-30,Mymensingh,4
2020-05-30,Netrakona,2
2020-05-30,Sherpur,3
2020-05-30,Bogra,38
2020-05-30,Joypurhat,15
2020-05-30,Naogaon,18
2020-05-30,Natore,1
2020-05-30,Pabna,3
2020-05-30,Sirajganj,10
2020-05-30,Dinajpur,23
2020-05-30,Gaibandha,20
2020-05-30,Kurigram,3
2020-05-30,Lalmonirhat,5
2020-05-30,Nilphamari,17
2020-05-30,Panchagarh,12
2020-05-30,Rangpur,13
2020-05-30,Thakurgaon,5
2020-05-30,Habiganj,18
2020-05-30,Maulvibazar,29
2020-05-30,Sunamganj,12
2020-05-30,Sylhet,47
2020-05-29, ,1
2020-05-29,Barguna,8
2020-05-29,Barisal,27
2020-05-29,Bhola,1
2020-05-29,Jhalokati,4
2020-05-29,Patuakhali,7
2020-05-29,Pirojpur,8
2020-05-29,Bandarban,2
2020-05-29,Brahamanbaria,3
2020-05-29,Chandpur,7
2020-05-29,Chittagong,64
2020-05-29,Comilla,22
2020-05-29,Cox's Bazar,46
2020-05-29,Feni,37
2020-05-29,Lakshmipur,1
2020-05-29,Noakhali,35
2020-05-29,Dhaka,553
2020-05-29,Faridpur,2
2020-05-29,Gazipur,29
2020-05-29,Gopalganj,2
2020-05-29,Kishoreganj,2
2020-05-29,Manikganj,3
2020-05-29,Munshiganj,32
2020-05-29,Narayanganj,81
2020-05-29,Narsingdi,4
2020-05-29,Rajbari,1
2020-05-29,Shariatpur,3
2020-05-29,Tangail,4
2020-05-29,Chuadanga,1
2020-05-29,Jhenaidah,1
2020-05-29,Khulna,1
2020-05-29,Kushtia,7
2020-05-29,Magura,1
2020-05-29,Meherpur,1
2020-05-29,Satkhira,1
2020-05-29,Jamalpur,1
2020-05-29,Mymensingh,52
2020-05-29,Netrakona,3
2020-05-29,Sherpur,2
2020-05-29,Bogra,3
2020-05-29,Joypurhat,5
2020-05-29,Naogaon,10
2020-05-29,Nawabganj,4
2020-05-29,Pabna,3
2020-05-29,Rajshahi,1
2020-05-29,Sirajganj,2
2020-05-29,Dinajpur,1
2020-05-29,Gaibandha,2
2020-05-29,Nilphamari,8
2020-05-29,Rangpur,7
2020-05-29,Habiganj,4
2020-05-29,Maulvibazar,1
2020-05-29,Sylhet,2
2020-05-28,Barisal,21
2020-05-28,Bhola,20
2020-05-28,Patuakhali,8
2020-05-28,Pirojpur,1
2020-05-28,Bandarban,10
2020-05-28,Brahamanbaria,8
2020-05-28,Chandpur,8
2020-05-28,Chittagong,350
2020-05-28,Comilla,121
2020-05-28,Cox's Bazar,62
2020-05-28,Feni,20
2020-05-28,Lakshmipur,2
2020-05-28,Noakhali,92
2020-05-28,Rangamati,2
2020-05-28,Dhaka,904
2020-05-28,Faridpur,33
2020-05-28,Gazipur,38
2020-05-28,Gopalganj,10
2020-05-28,Kishoreganj,8
2020-05-28,Madaripur,8
2020-05-28,Manikganj,1
2020-05-28,Munshiganj,49
2020-05-28,Narayanganj,67
2020-05-28,Narsingdi,3
2020-05-28,Rajbari,4
2020-05-28,Shariatpur,12
2020-05-28,Tangail,5
2020-05-28,Chuadanga,1
2020-05-28,Jessore,1
2020-05-28,Jhenaidah,1
2020-05-28,Khulna,13
2020-05-28,Kushtia,14
2020-05-28,Magura,2
2020-05-28,Meherpur,3
2020-05-28,Satkhira,8
2020-05-28,Mymensingh,18
2020-05-28,Netrakona,10
2020-05-28,Sherpur,5
2020-05-28,Naogaon,2
2020-05-28,Natore,4
2020-05-28,Nawabganj,6
2020-05-28,Pabna,4
2020-05-28,Rajshahi,2
2020-05-28,Sirajganj,6
2020-05-28,Dinajpur,11
2020-05-28,Gaibandha,16
2020-05-28,Lalmonirhat,4
2020-05-28,Nilphamari,2
2020-05-28,Panchagarh,2
2020-05-28,Rangpur,25
2020-05-28,Thakurgaon,17
2020-05-28,Sunamganj,8
2020-05-28,Sylhet,104
2020-05-27, ,1
2020-05-27,Barguna,2
2020-05-27,Barisal,5
2020-05-27,Bhola,9
2020-05-27,Jhalokati,2
2020-05-27,Patuakhali,4
2020-05-27,Pirojpur,3
2020-05-27,Bandarban,5
2020-05-27,Brahamanbaria,22
2020-05-27,Chandpur,19
2020-05-27,Chittagong,266
2020-05-27,Comilla,129
2020-05-27,Cox's Bazar,104
2020-05-27,Feni,6
2020-05-27,Khagrachhari,14
2020-05-27,Lakshmipur,61
2020-05-27,Noakhali,42
2020-05-27,Rangamati,2
2020-05-27,Dhaka,819
2020-05-27,Faridpur,1
2020-05-27,Gazipur,39
2020-05-27,Kishoreganj,4
2020-05-27,Madaripur,3
2020-05-27,Manikganj,6
2020-05-27,Munshiganj,6
2020-05-27,Narayanganj,67
2020-05-27,Narsingdi,3
2020-05-27,Shariatpur,1
2020-05-27,Tangail,5
2020-05-27,Chuadanga,1
2020-05-27,Jessore,5
2020-05-27,Jhenaidah,2
2020-05-27,Khulna,14
2020-05-27,Kushtia,8
2020-05-27,Magura,2
2020-05-27,Meherpur,2
2020-05-27,Satkhira,8
2020-05-27,Mymensingh,33
2020-05-27,Netrakona,13
2020-05-27,Sherpur,8
2020-05-27,Bogra,39
2020-05-27,Naogaon,1
2020-05-27,Natore,5
2020-05-27,Nawabganj,12
2020-05-27,Pabna,3
2020-05-27,Rajshahi,2
2020-05-27,Sirajganj,2
2020-05-27,Dinajpur,61
2020-05-27,Gaibandha,8
2020-05-27,Lalmonirhat,11
2020-05-27,Panchagarh,1
2020-05-27,Rangpur,30
2020-05-27,Thakurgaon,6
2020-05-27,Habiganj,2
2020-05-27,Maulvibazar,2
2020-05-27,Sylhet,65
2020-05-26,Barguna,2
2020-05-26,Barisal,48
2020-05-26,Jhalokati,11
2020-05-26,Patuakhali,7
2020-05-26,Pirojpur,2
2020-05-26,Brahamanbaria,22
2020-05-26,Chandpur,4
2020-05-26,Chittagong,214
2020-05-26,Comilla,77
2020-05-26,Cox's Bazar,74
2020-05-26,Feni,11
2020-05-26,Khagrachhari,8
2020-05-26,Noakhali,26
2020-05-26,Dhaka,733
2020-05-26,Gazipur,163
2020-05-26,Kishoreganj,2
2020-05-26,Madaripur,4
2020-05-26,Manikganj,4
2020-05-26,Munshiganj,2
2020-05-26,Narayanganj,73
2020-05-26,Tangail,7
2020-05-26,Jessore,2
2020-05-26,Jhenaidah,2
2020-05-26,Khulna,9
2020-05-26,Kushtia,2
2020-05-26,Magura,2
2020-05-26,Meherpur,1
2020-05-26,Satkhira,5
2020-05-26,Mymensingh,21
2020-05-26,Netrakona,4
2020-05-26,Sherpur,1
2020-05-26,Bogra,32
2020-05-26,Joypurhat,2
2020-05-26,Naogaon,6
2020-05-26,Natore,2
2020-05-26,Nawabganj,6
2020-05-26,Rajshahi,2
2020-05-26,Sirajganj,9
2020-05-26,Dinajpur,14
2020-05-26,Gaibandha,3
2020-05-26,Kurigram,2
2020-05-26,Lalmonirhat,6
2020-05-26,Nilphamari,8
2020-05-26,Panchagarh,4
2020-05-26,Rangpur,18
2020-05-26,Habiganj,10
2020-05-26,Maulvibazar,14
2020-05-26,Sylhet,34
2020-05-25,Barguna,1
2020-05-25,Barisal,27
2020-05-25,Bhola,1
2020-05-25,Patuakhali,6
2020-05-25,Pirojpur,4
2020-05-25,Bandarban,2
2020-05-25,Brahamanbaria,3
2020-05-25,Chandpur,2
2020-05-25,Chittagong,82
2020-05-25,Comilla,31
2020-05-25,Cox's Bazar,16
2020-05-25,Feni,8
2020-05-25,Noakhali,14
2020-05-25,Rangamati,1
2020-05-25,Dhaka,262
2020-05-25,Gazipur,80
2020-05-25,Kishoreganj,1
2020-05-25,Munshiganj,1
2020-05-25,Narayanganj,54
2020-05-25,Narsingdi,1
2020-05-25,Tangail,1
2020-05-25,Bagerhat,2
2020-05-25,Satkhira,1
2020-05-25,Jamalpur,1
2020-05-25,Mymensingh,3
2020-05-25,Bogra,8
2020-05-25,Natore,1
2020-05-25,Nawabganj,2
2020-05-25,Pabna,1
2020-05-25,Sirajganj,2
2020-05-25,Dinajpur,1
2020-05-25,Nilphamari,10
2020-05-25,Rangpur,5
2020-05-25,Thakurgaon,4
2020-05-25,Habiganj,1
2020-05-25,Maulvibazar,1
2020-05-25,Sunamganj,1
2020-05-25,Sylhet,14
2020-05-24,Barguna,9
2020-05-24,Barisal,27
2020-05-24,Jhalokati,4
2020-05-24,Patuakhali,5
2020-05-24,Pirojpur,13
2020-05-24,Bandarban,2
2020-05-24,Brahamanbaria,12
2020-05-24,Chandpur,8
2020-05-24,Chittagong,153
2020-05-24,Comilla,45
2020-05-24,Cox's Bazar,62
2020-05-24,Feni,3
2020-05-24,Khagrachhari,3
2020-05-24,Lakshmipur,2
2020-05-24,Noakhali,39
2020-05-24,Rangamati,8
2020-05-24,Dhaka,630
2020-05-24,Faridpur,5
2020-05-24,Gazipur,84
2020-05-24,Gopalganj,1
2020-05-24,Kishoreganj,3
2020-05-24,Madaripur,31
2020-05-24,Manikganj,38
2020-05-24,Munshiganj,7
2020-05-24,Narayanganj,35
2020-05-24,Narsingdi,4
2020-05-24,Rajbari,23
2020-05-24,Shariatpur,6
2020-05-24,Tangail,12
2020-05-24,Bagerhat,6
2020-05-24,Chuadanga,2
2020-05-24,Jessore,6
2020-05-24,Jhenaidah,1
2020-05-24,Khulna,11
2020-05-24,Kushtia,6
2020-05-24,Meherpur,5
2020-05-24,Narail,2
2020-05-24,Satkhira,2
2020-05-24,Jamalpur,4
2020-05-24,Mymensingh,39
2020-05-24,Netrakona,7
2020-05-24,Sherpur,5
2020-05-24,Bogra,49
2020-05-24,Joypurhat,10
2020-05-24,Naogaon,6
2020-05-24,Natore,1
2020-05-24,Pabna,5
2020-05-24,Rajshahi,1
2020-05-24,Sirajganj,6
2020-05-24,Dinajpur,13
2020-05-24,Gaibandha,5
2020-05-24,Kurigram,3
2020-05-24,Lalmonirhat,1
2020-05-24,Nilphamari,7
2020-05-24,Panchagarh,15
2020-05-24,Rangpur,5
2020-05-24,Thakurgaon,13
2020-05-24,Habiganj,6
2020-05-24,Maulvibazar,9
2020-05-24,Sunamganj,6
2020-05-24,Sylhet,51
2020-05-23, ,1
2020-05-23,Barguna,1
2020-05-23,Barisal,14
2020-05-23,Bhola,7
2020-05-23,Patuakhali,1
2020-05-23,Pirojpur,2
2020-05-23,Bandarban,2
2020-05-23,Brahamanbaria,5
2020-05-23,Chandpur,48
2020-05-23,Chittagong,269
2020-05-23,Comilla,89
2020-05-23,Cox's Bazar,46
2020-05-23,Feni,6
2020-05-23,Khagrachhari,3
2020-05-23,Lakshmipur,2
2020-05-23,Noakhali,34
2020-05-23,Rangamati,8
2020-05-23,Dhaka,699
2020-05-23,Faridpur,9
2020-05-23,Gazipur,38
2020-05-23,Gopalganj,5
2020-05-23,Kishoreganj,3
2020-05-23,Madaripur,7
2020-05-23,Manikganj,2
2020-05-23,Munshiganj,14
2020-05-23,Narayanganj,71
2020-05-23,Narsingdi,2
2020-05-23,Rajbari,7
2020-05-23,Shariatpur,4
2020-05-23,Tangail,2
2020-05-23,Jessore,3
2020-05-23,Jhenaidah,1
2020-05-23,Khulna,3
2020-05-23,Kushtia,3
2020-05-23,Meherpur,4
2020-05-23,Narail,1
2020-05-23,Satkhira,2
2020-05-23,Jamalpur,6
2020-05-23,Mymensingh,18
2020-05-23,Netrakona,21
2020-05-23,Sherpur,9
2020-05-23,Bogra,23
2020-05-23,Joypurhat,8
2020-05-23,Naogaon,13
2020-05-23,Nawabganj,1
2020-05-23,Pabna,5
2020-05-23,Sirajganj,14
2020-05-23,Dinajpur,9
2020-05-23,Gaibandha,5
2020-05-23,Lalmonirhat,1
2020-05-23,Nilphamari,5
2020-05-23,Panchagarh,4
2020-05-23,Rangpur,2
2020-05-23,Thakurgaon,12
2020-05-23,Habiganj,4
2020-05-23,Maulvibazar,3
2020-05-23,Sylhet,21
2020-05-22,Barguna,5
2020-05-22,Barisal,17
2020-05-22,Bhola,6
2020-05-22,Patuakhali,3
2020-05-22,Pirojpur,3
2020-05-22,Bandarban,1
2020-05-22,Brahamanbaria,21
2020-05-22,Chandpur,18
2020-05-22,Chittagong,190
2020-05-22,Comilla,14
2020-05-22,Cox's Bazar,43
2020-05-22,Feni,1
2020-05-22,Khagrachhari,4
2020-05-22,Lakshmipur,2
2020-05-22,Noakhali,53
2020-05-22,Rangamati,1
2020-05-22,Dhaka,685
2020-05-22,Faridpur,15
2020-05-22,Gazipur,49
2020-05-22,Gopalganj,7
2020-05-22,Kishoreganj,4
2020-05-22,Madaripur,2
2020-05-22,Manikganj,7
2020-05-22,Munshiganj,41
2020-05-22,Narayanganj,164
2020-05-22,Narsingdi,4
2020-05-22,Rajbari,2
2020-05-22,Shariatpur,1
2020-05-22,Tangail,10
2020-05-22,Bagerhat,11
2020-05-22,Chuadanga,2
2020-05-22,Jessore,1
2020-05-22,Khulna,9
2020-05-22,Kushtia,1
2020-05-22,Magura,3
2020-05-22,Meherpur,1
2020-05-22,Narail,4
2020-05-22,Satkhira,4
2020-05-22,Jamalpur,14
2020-05-22,Mymensingh,17
2020-05-22,Netrakona,11
2020-05-22,Sherpur,2
2020-05-22,Bogra,40
2020-05-22,Joypurhat,7
2020-05-22,Naogaon,14
2020-05-22,Natore,4
2020-05-22,Pabna,10
2020-05-22,Rajshahi,8
2020-05-22,Sirajganj,7
2020-05-22,Dinajpur,11
2020-05-22,Gaibandha,1
2020-05-22,Lalmonirhat,2
2020-05-22,Nilphamari,5
2020-05-22,Panchagarh,3
2020-05-22,Rangpur,16
2020-05-22,Thakurgaon,5
2020-05-22,Habiganj,1
2020-05-22,Maulvibazar,10
2020-05-22,Sunamganj,7
2020-05-22,Sylhet,38
2020-05-21,Barguna,10
2020-05-21,Barisal,21
2020-05-21,Bhola,4
2020-05-21,Jhalokati,15
2020-05-21,Patuakhali,13
2020-05-21,Pirojpur,6
2020-05-21,Brahamanbaria,34
2020-05-21,Chandpur,5
2020-05-21,Chittagong,117
2020-05-21,Comilla,16
2020-05-21,Cox's Bazar,52
2020-05-21,Feni,1
2020-05-21,Khagrachhari,10
2020-05-21,Lakshmipur,4
2020-05-21,Noakhali,35
2020-05-21,Rangamati,1
2020-05-21,Dhaka,755
2020-05-21,Faridpur,9
2020-05-21,Gazipur,63
2020-05-21,Gopalganj,9
2020-05-21,Kishoreganj,9
2020-05-21,Madaripur,2
2020-05-21,Manikganj,8
2020-05-21,Munshiganj,6
2020-05-21,Narayanganj,23
2020-05-21,Narsingdi,7
2020-05-21,Rajbari,5
2020-05-21,Shariatpur,7
2020-05-21,Tangail,5
2020-05-21,Bagerhat,5
2020-05-21,Chuadanga,3
2020-05-21,Jessore,2
2020-05-21,Jhenaidah,1
2020-05-21,Khulna,15
2020-05-21,Kushtia,1
2020-05-21,Narail,6
2020-05-21,Satkhira,1
2020-05-21,Mymensingh,24
2020-05-21,Netrakona,44
2020-05-21,Sherpur,2
2020-05-21,Bogra,3
2020-05-21,Naogaon,2
2020-05-21,Natore,5
2020-05-21,Nawabganj,4
2020-05-21,Pabna,2
2020-05-21,Rajshahi,2
2020-05-21,Sirajganj,3
2020-05-21,Dinajpur,8
2020-05-21,Kurigram,1
2020-05-21,Lalmonirhat,1
2020-05-21,Nilphamari,6
2020-05-21,Panchagarh,2
2020-05-21,Rangpur,33
2020-05-21,Thakurgaon,1
2020-05-21,Habiganj,18
2020-05-21,Maulvibazar,14
2020-05-21,Sunamganj,2
2020-05-21,Sylhet,22
2020-05-20, ,2
2020-05-20,Barguna,2
2020-05-20,Barisal,7
2020-05-20,Bhola,2
2020-05-20,Jhalokati,2
2020-05-20,Patuakhali,8
2020-05-20,Bandarban,3
2020-05-20,Brahamanbaria,2
2020-05-20,Chandpur,8
2020-05-20,Chittagong,208
2020-05-20,Comilla,23
2020-05-20,Cox's Bazar,48
2020-05-20,Feni,1
2020-05-20,Lakshmipur,8
2020-05-20,Noakhali,28
2020-05-20,Rangamati,16
2020-05-20,Dhaka,608
2020-05-20,Faridpur,31
2020-05-20,Gazipur,24
2020-05-20,Gopalganj,4
2020-05-20,Kishoreganj,7
2020-05-20,Madaripur,4
2020-05-20,Manikganj,4
2020-05-20,Munshiganj,17
2020-05-20,Narayanganj,96
2020-05-20,Rajbari,7
2020-05-20,Shariatpur,8
2020-05-20,Tangail,6
2020-05-20,Bagerhat,3
2020-05-20,Chuadanga,1
2020-05-20,Jessore,5
2020-05-20,Jhenaidah,2
2020-05-20,Khulna,6
2020-05-20,Kushtia,3
2020-05-20,Magura,2
2020-05-20,Narail,2
2020-05-20,Satkhira,5
2020-05-20,Jamalpur,6
2020-05-20,Mymensingh,23
2020-05-20,Netrakona,41
2020-05-20,Bogra,21
2020-05-20,Naogaon,1
2020-05-20,Natore,8
2020-05-20,Pabna,4
2020-05-20,Rajshahi,13
2020-05-20,Sirajganj,6
2020-05-20,Dinajpur,17
2020-05-20,Gaibandha,3
2020-05-20,Kurigram,5
2020-05-20,Lalmonirhat,4
2020-05-20,Nilphamari,6
2020-05-20,Panchagarh,3
2020-05-20,Rangpur,46
2020-05-20,Thakurgaon,6
2020-05-20,Habiganj,1
2020-05-20,Maulvibazar,2
2020-05-20,Sunamganj,5
2020-05-20,Sylhet,23
2020-05-19, ,2
2020-05-19,Barguna,11
2020-05-19,Barisal,25
2020-05-19,Bhola,2
2020-05-19,Jhalokati,4
2020-05-19,Patuakhali,7
2020-05-19,Pirojpur,3
2020-05-19,Bandarban,4
2020-05-19,Brahamanbaria,4
2020-05-19,Chandpur,4
2020-05-19,Chittagong,232
2020-05-19,Comilla,67
2020-05-19,Cox's Bazar,38
2020-05-19,Feni,5
2020-05-19,Khagrachhari,3
2020-05-19,Lakshmipur,8
2020-05-19,Noakhali,18
2020-05-19,Rangamati,20
2020-05-19,Dhaka,558
2020-05-19,Faridpur,18
2020-05-19,Gazipur,6
2020-05-19,Gopalganj,19
2020-05-19,Kishoreganj,1
2020-05-19,Madaripur,7
2020-05-19,Manikganj,17
2020-05-19,Munshiganj,33
2020-05-19,Narayanganj,110
2020-05-19,Narsingdi,6
2020-05-19,Rajbari,7
2020-05-19,Shariatpur,2
2020-05-19,Tangail,6
2020-05-19,Bagerhat,2
2020-05-19,Jessore,3
2020-05-19,Jhenaidah,7
2020-05-19,Khulna,7
2020-05-19,Kushtia,5
2020-05-19,Magura,2
2020-05-19,Narail,2
2020-05-19,Satkhira,2
2020-05-19,Jamalpur,9
2020-05-19,Mymensingh,32
2020-05-19,Netrakona,10
2020-05-19,Sherpur,10
2020-05-19,Bogra,25
2020-05-19,Naogaon,9
2020-05-19,Natore,2
2020-05-19,Nawabganj,5
2020-05-19,Pabna,11
2020-05-19,Sirajganj,5
2020-05-19,Dinajpur,21
2020-05-19,Gaibandha,1
2020-05-19,Kurigram,2
2020-05-19,Lalmonirhat,1
2020-05-19,Nilphamari,3
2020-05-19,Panchagarh,1
2020-05-19,Rangpur,8
2020-05-19,Thakurgaon,6
2020-05-19,Habiganj,3
2020-05-19,Maulvibazar,1
2020-05-19,Sunamganj,7
2020-05-19,Sylhet,20
2020-05-18, ,2
2020-05-18,Barguna,3
2020-05-18,Barisal,23
2020-05-18,Jhalokati,11
2020-05-18,Patuakhali,9
2020-05-18,Pirojpur,2
2020-05-18,Bandarban,5
2020-05-18,Brahamanbaria,4
2020-05-18,Chandpur,10
2020-05-18,Chittagong,219
2020-05-18,Comilla,82
2020-05-18,Cox's Bazar,29
2020-05-18,Feni,11
2020-05-18,Khagrachhari,4
2020-05-18,Lakshmipur,12
2020-05-18,Noakhali,46
2020-05-18,Rangamati,4
2020-05-18,Dhaka,613
2020-05-18,Faridpur,5
2020-05-18,Gazipur,29
2020-05-18,Gopalganj,5
2020-05-18,Kishoreganj,1
2020-05-18,Madaripur,6
2020-05-18,Manikganj,7
2020-05-18,Munshiganj,27
2020-05-18,Narayanganj,58
2020-05-18,Narsingdi,1
2020-05-18,Rajbari,3
2020-05-18,Shariatpur,9
2020-05-18,Tangail,3
2020-05-18,Bagerhat,1
2020-05-18,Chuadanga,4
2020-05-18,Jessore,3
2020-05-18,Jhenaidah,2
2020-05-18,Khulna,3
2020-05-18,Kushtia,8
2020-05-18,Magura,1
2020-05-18,Meherpur,1
2020-05-18,Narail,2
2020-05-18,Satkhira,20
2020-05-18,Jamalpur,40
2020-05-18,Mymensingh,56
2020-05-18,Netrakona,13
2020-05-18,Sherpur,26
2020-05-18,Bogra,21
2020-05-18,Joypurhat,1
2020-05-18,Naogaon,5
2020-05-18,Natore,18
2020-05-18,Nawabganj,15
2020-05-18,Pabna,6
2020-05-18,Rajshahi,9
2020-05-18,Sirajganj,6
2020-05-18,Dinajpur,13
2020-05-18,Gaibandha,7
2020-05-18,Kurigram,2
2020-05-18,Lalmonirhat,2
2020-05-18,Nilphamari,4
2020-05-18,Panchagarh,4
2020-05-18,Rangpur,10
2020-05-18,Thakurgaon,3
2020-05-18,Habiganj,1
2020-05-18,Sunamganj,1
2020-05-18,Sylhet,19
2020-05-17,Barguna,6
2020-05-17,Barisal,23
2020-05-17,Bhola,4
2020-05-17,Jhalokati,6
2020-05-17,Patuakhali,4
2020-05-17,Pirojpur,13
2020-05-17,Bandarban,3
2020-05-17,Brahamanbaria,6
2020-05-17,Chandpur,6
2020-05-17,Chittagong,103
2020-05-17,Comilla,43
2020-05-17,Cox's Bazar,26
2020-05-17,Feni,11
2020-05-17,Khagrachhari,1
2020-05-17,Lakshmipur,13
2020-05-17,Noakhali,11
2020-05-17,Dhaka,622
2020-05-17,Faridpur,7
2020-05-17,Gazipur,19
2020-05-17,Gopalganj,5
2020-05-17,Kishoreganj,3
2020-05-17,Madaripur,7
2020-05-17,Manikganj,3
2020-05-17,Munshiganj,26
2020-05-17,Narayanganj,63
2020-05-17,Narsingdi,7
2020-05-17,Rajbari,2
2020-05-17,Shariatpur,7
2020-05-17,Tangail,9
2020-05-17,Bagerhat,7
2020-05-17,Chuadanga,4
2020-05-17,Jessore,4
2020-05-17,Jhenaidah,1
2020-05-17,Khulna,8
2020-05-17,Kushtia,10
2020-05-17,Meherpur,1
2020-05-17,Narail,1
2020-05-17,Satkhira,4
2020-05-17,Jamalpur,34
2020-05-17,Mymensingh,50
2020-05-17,Netrakona,20
2020-05-17,Sherpur,12
2020-05-17,Bogra,30
2020-05-17,Joypurhat,20
2020-05-17,Naogaon,1
2020-05-17,Natore,2
2020-05-17,Nawabganj,1
2020-05-17,Pabna,8
2020-05-17,Rajshahi,5
2020-05-17,Sirajganj,3
2020-05-17,Dinajpur,10
2020-05-17,Gaibandha,3
2020-05-17,Kurigram,8
2020-05-17,Lalmonirhat,1
2020-05-17,Nilphamari,3
2020-05-17,Panchagarh,5
2020-05-17,Rangpur,24
2020-05-17,Thakurgaon,1
2020-05-17,Habiganj,4
2020-05-17,Sunamganj,1
2020-05-17,Sylhet,28
2020-05-16,Barguna,2
2020-05-16,Barisal,1
2020-05-16,Bhola,12
2020-05-16,Jhalokati,4
2020-05-16,Patuakhali,4
2020-05-16,Pirojpur,7
2020-05-16,Bandarban,2
2020-05-16,Brahamanbaria,6
2020-05-16,Chandpur,8
2020-05-16,Chittagong,63
2020-05-16,Comilla,26
2020-05-16,Cox's Bazar,32
2020-05-16,Feni,44
2020-05-16,Khagrachhari,2
2020-05-16,Lakshmipur,4
2020-05-16,Noakhali,29
2020-05-16,Rangamati,2
2020-05-16,Dhaka,452
2020-05-16,Faridpur,5
2020-05-16,Gazipur,15
2020-05-16,Gopalganj,10
2020-05-16,Kishoreganj,5
2020-05-16,Madaripur,1
2020-05-16,Manikganj,10
2020-05-16,Munshiganj,4
2020-05-16,Narayanganj,27
2020-05-16,Narsingdi,3
2020-05-16,Shariatpur,4
2020-05-16,Bagerhat,4
2020-05-16,Chuadanga,29
2020-05-16,Jessore,25
2020-05-16,Jhenaidah,3
2020-05-16,Khulna,2
2020-05-16,Kushtia,1
2020-05-16,Magura,2
2020-05-16,Meherpur,2
2020-05-16,Narail,2
2020-05-16,Satkhira,4
2020-05-16,Jamalpur,13
2020-05-16,Mymensingh,20
2020-05-16,Netrakona,14
2020-05-16,Sherpur,4
2020-05-16,Bogra,11
2020-05-16,Joypurhat,10
2020-05-16,Naogaon,3
2020-05-16,Natore,2
2020-05-16,Nawabganj,1
2020-05-16,Pabna,5
2020-05-16,Rajshahi,2
2020-05-16,Sirajganj,4
2020-05-16,Dinajpur,18
2020-05-16,Gaibandha,4
2020-05-16,Kurigram,10
2020-05-16,Lalmonirhat,11
2020-05-16,Nilphamari,13
2020-05-16,Panchagarh,5
2020-05-16,Rangpur,54
2020-05-16,Thakurgaon,6
2020-05-16,Habiganj,10
2020-05-16,Maulvibazar,2
2020-05-16,Sunamganj,3
2020-05-16,Sylhet,24
2020-05-15,Barguna,5
2020-05-15,Barisal,3
2020-05-15,Jhalokati,2
2020-05-15,Pirojpur,5
2020-05-15,Brahamanbaria,8
2020-05-15,Chandpur,7
2020-05-15,Chittagong,46
2020-05-15,Comilla,49
2020-05-15,Cox's Bazar,28
2020-05-15,Feni,2
2020-05-15,Lakshmipur,7
2020-05-15,Noakhali,26
2020-05-15,Dhaka,438
2020-05-15,Faridpur,9
2020-05-15,Gazipur,16
2020-05-15,Gopalganj,8
2020-05-15,Kishoreganj,7
2020-05-15,Madaripur,6
2020-05-15,Manikganj,4
2020-05-15,Munshiganj,13
2020-05-15,Narayanganj,47
2020-05-15,Narsingdi,4
2020-05-15,Rajbari,2
2020-05-15,Shariatpur,7
2020-05-15,Tangail,4
2020-05-15,Bagerhat,1
2020-05-15,Chuadanga,26
2020-05-15,Jessore,16
2020-05-15,Jhenaidah,2
2020-05-15,Khulna,9
2020-05-15,Kushtia,1
2020-05-15,Magura,2
2020-05-15,Meherpur,1
2020-05-15,Narail,1
2020-05-15,Satkhira,1
2020-05-15,Jamalpur,9
2020-05-15,Mymensingh,18
2020-05-15,Netrakona,7
2020-05-15,Sherpur,1
2020-05-15,Joypurhat,2
2020-05-15,Naogaon,8
2020-05-15,Natore,1
2020-05-15,Nawabganj,1
2020-05-15,Pabna,1
2020-05-15,Rajshahi,5
2020-05-15,Sirajganj,4
2020-05-15,Dinajpur,8
2020-05-15,Gaibandha,2
2020-05-15,Kurigram,4
2020-05-15,Lalmonirhat,4
2020-05-15,Nilphamari,2
2020-05-15,Panchagarh,6
2020-05-15,Rangpur,13
2020-05-15,Thakurgaon,6
2020-05-15,Habiganj,2
2020-05-15,Maulvibazar,1
2020-05-15,Sunamganj,1
2020-05-15,Sylhet,20
2020-05-14,Barisal,12
2020-05-14,Bhola,2
2020-05-14,Jhalokati,1
2020-05-14,Patuakhali,3
2020-05-14,Pirojpur,3
2020-05-14,Bandarban,1
2020-05-14,Brahamanbaria,1
2020-05-14,Chandpur,7
2020-05-14,Chittagong,82
2020-05-14,Comilla,3
2020-05-14,Cox's Bazar,19
2020-05-14,Feni,6
2020-05-14,Khagrachhari,1
2020-05-14,Lakshmipur,13
2020-05-14,Noakhali,24
2020-05-14,Rangamati,13
2020-05-14,Dhaka,246
2020-05-14,Faridpur,4
2020-05-14,Gazipur,6
2020-05-14,Kishoreganj,4
2020-05-14,Madaripur,3
2020-05-14,Manikganj,5
2020-05-14,Munshiganj,1
2020-05-14,Narayanganj,38
2020-05-14,Narsingdi,5
2020-05-14,Rajbari,1
2020-05-14,Shariatpur,2
2020-05-14,Tangail,10
2020-05-14,Bagerhat,2
2020-05-14,Chuadanga,9
2020-05-14,Jessore,4
2020-05-14,Magura,1
2020-05-14,Narail,1
2020-05-14,Satkhira,1
2020-05-14,Jamalpur,2
2020-05-14,Mymensingh,20
2020-05-14,Netrakona,6
2020-05-14,Sherpur,1
2020-05-14,Bogra,4
2020-05-14,Nawabganj,1
2020-05-14,Pabna,1
2020-05-14,Rajshahi,1
2020-05-14,Sirajganj,1
2020-05-14,Dinajpur,7
2020-05-14,Gaibandha,2
2020-05-14,Kurigram,5
2020-05-14,Lalmonirhat,1
2020-05-14,Nilphamari,1
2020-05-14,Panchagarh,5
2020-05-14,Rangpur,6
2020-05-14,Habiganj,1
2020-05-14,Maulvibazar,1
2020-05-14,Sylhet,2
2020-05-13, ,2
2020-05-13,Barguna,2
2020-05-13,Barisal,3
2020-05-13,Bhola,2
2020-05-13,Jhalokati,1
2020-05-13,Patuakhali,1
2020-05-13,Pirojpur,3
2020-05-13,Bandarban,2
2020-05-13,Brahamanbaria,3
2020-05-13,Chandpur,13
2020-05-13,Chittagong,74
2020-05-13,Comilla,32
2020-05-13,Cox's Bazar,15
2020-05-13,Feni,2
2020-05-13,Khagrachhari,3
2020-05-13,Lakshmipur,6
2020-05-13,Noakhali,11
2020-05-13,Rangamati,5
2020-05-13,Dhaka,419
2020-05-13,Faridpur,10
2020-05-13,Gazipur,96
2020-05-13,Gopalganj,7
2020-05-13,Kishoreganj,14
2020-05-13,Madaripur,8
2020-05-13,Manikganj,3
2020-05-13,Munshiganj,63
2020-05-13,Narayanganj,60
2020-05-13,Narsingdi,7
2020-05-13,Shariatpur,11
2020-05-13,Tangail,9
2020-05-13,Chuadanga,8
2020-05-13,Jessore,7
2020-05-13,Jhenaidah,3
2020-05-13,Khulna,2
2020-05-13,Kushtia,1
2020-05-13,Magura,3
2020-05-13,Narail,1
2020-05-13,Satkhira,5
2020-05-13,Jamalpur,4
2020-05-13,Mymensingh,6
2020-05-13,Netrakona,2
2020-05-13,Sherpur,1
2020-05-13,Bogra,12
2020-05-13,Joypurhat,3
2020-05-13,Natore,2
2020-05-13,Nawabganj,2
2020-05-13,Pabna,1
2020-05-13,Rajshahi,1
2020-05-13,Sirajganj,3
2020-05-13,Dinajpur,3
2020-05-13,Gaibandha,1
2020-05-13,Kurigram,1
2020-05-13,Lalmonirhat,1
2020-05-13,Nilphamari,1
2020-05-13,Rangpur,7
2020-05-13,Thakurgaon,2
2020-05-13,Habiganj,13
2020-05-13,Maulvibazar,8
2020-05-13,Sunamganj,1
2020-05-13,Sylhet,11
2020-05-12, ,1
2020-05-12,Barguna,2
2020-05-12,Barisal,10
2020-05-12,Jhalokati,4
2020-05-12,Patuakhali,1
2020-05-12,Pirojpur,10
2020-05-12,Bandarban,1
2020-05-12,Brahamanbaria,1
2020-05-12,Chandpur,2
2020-05-12,Chittagong,41
2020-05-12,Comilla,16
2020-05-12,Cox's Bazar,17
2020-05-12,Feni,7
2020-05-12,Khagrachhari,2
2020-05-12,Lakshmipur,15
2020-05-12,Noakhali,11
2020-05-12,Dhaka,279
2020-05-12,Faridpur,3
2020-05-12,Gazipur,10
2020-05-12,Gopalganj,7
2020-05-12,Kishoreganj,5
2020-05-12,Munshiganj,8
2020-05-12,Narayanganj,48
2020-05-12,Narsingdi,1
2020-05-12,Shariatpur,1
2020-05-12,Tangail,4
2020-05-12,Bagerhat,1
2020-05-12,Chuadanga,5
2020-05-12,Jessore,9
2020-05-12,Jhenaidah,6
2020-05-12,Khulna,1
2020-05-12,Kushtia,2
2020-05-12,Magura,8
2020-05-12,Narail,1
2020-05-12,Satkhira,3
2020-05-12,Jamalpur,2
2020-05-12,Mymensingh,6
2020-05-12,Netrakona,8
2020-05-12,Bogra,2
2020-05-12,Joypurhat,10
2020-05-12,Naogaon,1
2020-05-12,Natore,2
2020-05-12,Nawabganj,2
2020-05-12,Pabna,1
2020-05-12,Sirajganj,2
2020-05-12,Dinajpur,5
2020-05-12,Gaibandha,1
2020-05-12,Kurigram,2
2020-05-12,Lalmonirhat,2
2020-05-12,Nilphamari,1
2020-05-12,Panchagarh,1
2020-05-12,Rangpur,9
2020-05-12,Thakurgaon,1
2020-05-12,Habiganj,14
2020-05-12,Maulvibazar,1
2020-05-12,Sunamganj,3
2020-05-12,Sylhet,5
2020-05-11,Barguna,2
2020-05-11,Barisal,11
2020-05-11,Bhola,4
2020-05-11,Jhalokati,2
2020-05-11,Patuakhali,2
2020-05-11,Pirojpur,2
2020-05-11,Bandarban,1
2020-05-11,Brahamanbaria,5
2020-05-11,Chittagong,28
2020-05-11,Comilla,9
2020-05-11,Cox's Bazar,18
2020-05-11,Feni,2
2020-05-11,Lakshmipur,1
2020-05-11,Noakhali,13
2020-05-11,Dhaka,510
2020-05-11,Faridpur,5
2020-05-11,Gazipur,17
2020-05-11,Gopalganj,4
2020-05-11,Kishoreganj,9
2020-05-11,Madaripur,5
2020-05-11,Manikganj,1
2020-05-11,Munshiganj,114
2020-05-11,Narayanganj,48
2020-05-11,Narsingdi,5
2020-05-11,Rajbari,2
2020-05-11,Shariatpur,12
2020-05-11,Tangail,8
2020-05-11,Bagerhat,2
2020-05-11,Chuadanga,7
2020-05-11,Jessore,9
2020-05-11,Jhenaidah,5
2020-05-11,Khulna,4
2020-05-11,Kushtia,2
2020-05-11,Magura,6
2020-05-11,Narail,2
2020-05-11,Satkhira,1
2020-05-11,Jamalpur,3
2020-05-11,Mymensingh,13
2020-05-11,Netrakona,2
2020-05-11,Sherpur,3
2020-05-11,Joypurhat,7
2020-05-11,Naogaon,1
2020-05-11,Nawabganj,1
2020-05-11,Pabna,4
2020-05-11,Rajshahi,1
2020-05-11,Sirajganj,2
2020-05-11,Dinajpur,4
2020-05-11,Gaibandha,1
2020-05-11,Kurigram,2
2020-05-11,Nilphamari,2
2020-05-11,Panchagarh,1
2020-05-11,Rangpur,6
2020-05-11,Thakurgaon,2
2020-05-11,Habiganj,3
2020-05-11,Maulvibazar,6
2020-05-11,Sunamganj,2
2020-05-11,Sylhet,3
2020-05-10,Barguna,4
2020-05-10,Barisal,5
2020-05-10,Jhalokati,1
2020-05-10,Pirojpur,2
2020-05-10,Brahamanbaria,1
2020-05-10,Chittagong,11
2020-05-10,Comilla,4
2020-05-10,Cox's Bazar,6
2020-05-10,Noakhali,7
2020-05-10,Dhaka,146
2020-05-10,Gazipur,4
2020-05-10,Kishoreganj,2
2020-05-10,Madaripur,3
2020-05-10,Manikganj,2
2020-05-10,Munshiganj,6
2020-05-10,Narayanganj,5
2020-05-10,Narsingdi,2
2020-05-10,Rajbari,1
2020-05-10,Shariatpur,1
2020-05-10,Tangail,2
2020-05-10,Khulna,1
2020-05-10,Kushtia,3
2020-05-10,Jamalpur,4
2020-05-10,Mymensingh,10
2020-05-10,Sherpur,5
2020-05-10,Bogra,1
2020-05-10,Naogaon,2
2020-05-10,Pabna,3
2020-05-10,Sirajganj,2
2020-05-10,Dinajpur,3
2020-05-10,Kurigram,1
2020-05-10,Nilphamari,3
2020-05-10,Panchagarh,3
2020-05-10,Rangpur,5
2020-05-10,Sylhet,2
2020-05-09,Barisal,1
2020-05-09,Jhalokati,1
2020-05-09,Patuakhali,3
2020-05-09,Pirojpur,5
2020-05-09,Bandarban,1
2020-05-09,Chandpur,9
2020-05-09,Chittagong,38
2020-05-09,Comilla,19
2020-05-09,Cox's Bazar,3
2020-05-09,Lakshmipur,9
2020-05-09,Dhaka,245
2020-05-09,Faridpur,4
2020-05-09,Gazipur,4
2020-05-09,Gopalganj,6
2020-05-09,Madaripur,1
2020-05-09,Munshiganj,1
2020-05-09,Narayanganj,38
2020-05-09,Narsingdi,1
2020-05-09,Rajbari,1
2020-05-09,Shariatpur,8
2020-05-09,Tangail,2
2020-05-09,Jessore,2
2020-05-09,Jhenaidah,2
2020-05-09,Khulna,4
2020-05-09,Magura,1
2020-05-09,Jamalpur,2
2020-05-09,Mymensingh,9
2020-05-09,Netrakona,5
2020-05-09,Bogra,2
2020-05-09,Naogaon,2
2020-05-09,Natore,2
2020-05-09,Nawabganj,1
2020-05-09,Pabna,3
2020-05-09,Rajshahi,1
2020-05-09,Sirajganj,2
2020-05-09,Dinajpur,4
2020-05-09,Kurigram,2
2020-05-09,Lalmonirhat,2
2020-05-09,Nilphamari,5
2020-05-09,Rangpur,24
2020-05-09,Thakurgaon,1
2020-05-09,Habiganj,1
2020-05-09,Maulvibazar,5
2020-05-09,Sunamganj,2
2020-05-09,Sylhet,7
2020-05-08,Barguna,1
2020-05-08,Barisal,2
2020-05-08,Jhalokati,1
2020-05-08,Patuakhali,1
2020-05-08,Pirojpur,1
2020-05-08,Brahamanbaria,2
2020-05-08,Chandpur,4
2020-05-08,Chittagong,53
2020-05-08,Comilla,15
2020-05-08,Cox's Bazar,17
2020-05-08,Lakshmipur,1
2020-05-08,Noakhali,2
2020-05-08,Dhaka,226
2020-05-08,Faridpur,1
2020-05-08,Gazipur,2
2020-05-08,Kishoreganj,1
2020-05-08,Madaripur,8
2020-05-08,Munshiganj,17
2020-05-08,Narayanganj,45
2020-05-08,Narsingdi,2
2020-05-08,Rajbari,1
2020-05-08,Shariatpur,5
2020-05-08,Tangail,5
2020-05-08,Bagerhat,4
2020-05-08,Chuadanga,5
2020-05-08,Jessore,2
2020-05-08,Jhenaidah,1
2020-05-08,Khulna,2
2020-05-08,Magura,5
2020-05-08,Meherpur,2
2020-05-08,Jamalpur,3
2020-05-08,Mymensingh,3
2020-05-08,Sherpur,3
2020-05-08,Bogra,4
2020-05-08,Joypurhat,1
2020-05-08,Naogaon,1
2020-05-08,Natore,2
2020-05-08,Nawabganj,1
2020-05-08,Pabna,1
2020-05-08,Dinajpur,3
2020-05-08,Kurigram,8
2020-05-08,Lalmonirhat,9
2020-05-08,Nilphamari,5
2020-05-08,Panchagarh,1
2020-05-08,Rangpur,1
2020-05-08,Thakurgaon,2
2020-05-08,Maulvibazar,2
2020-05-08,Sunamganj,1
2020-05-08,Sylhet,1
2020-05-07,Barguna,2
2020-05-07,Barisal,7
2020-05-07,Bhola,3
2020-05-07,Jhalokati,3
2020-05-07,Pirojpur,1
2020-05-07,Brahamanbaria,2
2020-05-07,Chandpur,8
2020-05-07,Chittagong,20
2020-05-07,Comilla,7
2020-05-07,Cox's Bazar,1
2020-05-07,Feni,2
2020-05-07,Lakshmipur,2
2020-05-07,Noakhali,2
2020-05-07,Dhaka,207
2020-05-07,Faridpur,1
2020-05-07,Gazipur,4
2020-05-07,Gopalganj,3
2020-05-07,Kishoreganj,1
2020-05-07,Madaripur,1
2020-05-07,Manikganj,1
2020-05-07,Munshiganj,11
2020-05-07,Narayanganj,33
2020-05-07,Narsingdi,6
2020-05-07,Shariatpur,2
2020-05-07,Tangail,1
2020-05-07,Bagerhat,1
2020-05-07,Chuadanga,2
2020-05-07,Jhenaidah,1
2020-05-07,Kushtia,1
2020-05-07,Magura,1
2020-05-07,Jamalpur,11
2020-05-07,Mymensingh,4
2020-05-07,Sherpur,2
2020-05-07,Bogra,2
2020-05-07,Joypurhat,1
2020-05-07,Naogaon,1
2020-05-07,Natore,1
2020-05-07,Nawabganj,5
2020-05-07,Sirajganj,2
2020-05-07,Dinajpur,4
2020-05-07,Gaibandha,2
2020-05-07,Panchagarh,1
2020-05-07,Maulvibazar,6
2020-05-07,Sunamganj,1
2020-05-06,Barguna,1
2020-05-06,Barisal,3
2020-05-06,Bhola,7
2020-05-06,Jhalokati,2
2020-05-06,Patuakhali,1
2020-05-06,Pirojpur,1
2020-05-06,Brahamanbaria,3
2020-05-06,Chandpur,2
2020-05-06,Chittagong,22
2020-05-06,Comilla,9
2020-05-06,Cox's Bazar,8
2020-05-06,Feni,2
2020-05-06,Lakshmipur,2
2020-05-06,Noakhali,5
2020-05-06,Rangamati,3
2020-05-06,Dhaka,362
2020-05-06,Faridpur,2
2020-05-06,Gazipur,7
2020-05-06,Gopalganj,3
2020-05-06,Kishoreganj,2
2020-05-06,Madaripur,1
2020-05-06,Manikganj,2
2020-05-06,Munshiganj,8
2020-05-06,Narayanganj,25
2020-05-06,Narsingdi,2
2020-05-06,Rajbari,2
2020-05-06,Shariatpur,11
2020-05-06,Tangail,1
2020-05-06,Bagerhat,1
2020-05-06,Chuadanga,5
2020-05-06,Jessore,3
2020-05-06,Jhenaidah,6
2020-05-06,Khulna,2
2020-05-06,Kushtia,3
2020-05-06,Magura,1
2020-05-06,Satkhira,2
2020-05-06,Jamalpur,6
2020-05-06,Mymensingh,29
2020-05-06,Netrakona,8
2020-05-06,Sherpur,4
2020-05-06,Bogra,5
2020-05-06,Joypurhat,3
2020-05-06,Natore,4
2020-05-06,Pabna,1
2020-05-06,Rajshahi,1
2020-05-06,Sirajganj,4
2020-05-06,Dinajpur,6
2020-05-06,Nilphamari,5
2020-05-06,Rangpur,13
2020-05-06,Thakurgaon,1
2020-05-06,Habiganj,3
2020-05-06,Maulvibazar,5
2020-05-06,Sunamganj,1
2020-05-06,Sylhet,4
2020-05-05, ,1
2020-05-05,Barguna,3
2020-05-05,Barisal,2
2020-05-05,Jhalokati,1
2020-05-05,Patuakhali,2
2020-05-05,Pirojpur,1
2020-05-05,Chandpur,14
2020-05-05,Chittagong,12
2020-05-05,Comilla,11
2020-05-05,Feni,1
2020-05-05,Lakshmipur,2
2020-05-05,Noakhali,3
2020-05-05,Dhaka,294
2020-05-05,Faridpur,3
2020-05-05,Gazipur,6
2020-05-05,Kishoreganj,1
2020-05-05,Madaripur,1
2020-05-05,Manikganj,1
2020-05-05,Munshiganj,26
2020-05-05,Narayanganj,6
2020-05-05,Narsingdi,3
2020-05-05,Rajbari,3
2020-05-05,Shariatpur,4
2020-05-05,Tangail,1
2020-05-05,Jessore,8
2020-05-05,Khulna,1
2020-05-05,Kushtia,1
2020-05-05,Magura,1
2020-05-05,Narail,1
2020-05-05,Satkhira,1
2020-05-05,Jamalpur,1
2020-05-05,Mymensingh,2
2020-05-05,Netrakona,1
2020-05-05,Bogra,2
2020-05-05,Joypurhat,1
2020-05-05,Naogaon,1
2020-05-05,Pabna,3
2020-05-05,Rajshahi,2
2020-05-05,Sirajganj,2
2020-05-05,Dinajpur,3
2020-05-05,Kurigram,3
2020-05-05,Lalmonirhat,2
2020-05-05,Nilphamari,1
2020-05-05,Rangpur,14
2020-05-05,Maulvibazar,2
2020-05-05,Sunamganj,2
2020-05-04,Barguna,3
2020-05-04,Barisal,4
2020-05-04,Bhola,1
2020-05-04,Patuakhali,4
2020-05-04,Pirojpur,1
2020-05-04,Bandarban,1
2020-05-04,Brahamanbaria,13
2020-05-04,Chandpur,4
2020-05-04,Chittagong,13
2020-05-04,Comilla,4
2020-05-04,Cox's Bazar,5
2020-05-04,Lakshmipur,1
2020-05-04,Noakhali,2
2020-05-04,Dhaka,269
2020-05-04,Faridpur,1
2020-05-04,Gazipur,5
2020-05-04,Kishoreganj,2
2020-05-04,Madaripur,2
2020-05-04,Manikganj,1
2020-05-04,Munshiganj,1
2020-05-04,Narayanganj,20
2020-05-04,Narsingdi,2
2020-05-04,Rajbari,1
2020-05-04,Shariatpur,2
2020-05-04,Tangail,5
2020-05-04,Bagerhat,2
2020-05-04,Jessore,6
2020-05-04,Jhenaidah,7
2020-05-04,Kushtia,1
2020-05-04,Magura,1
2020-05-04,Meherpur,1
2020-05-04,Jamalpur,2
2020-05-04,Mymensingh,9
2020-05-04,Netrakona,7
2020-05-04,Sherpur,1
2020-05-04,Bogra,2
2020-05-04,Joypurhat,1
2020-05-04,Naogaon,1
2020-05-04,Natore,1
2020-05-04,Pabna,2
2020-05-04,Rajshahi,4
2020-05-04,Sirajganj,3
2020-05-04,Dinajpur,2
2020-05-04,Gaibandha,1
2020-05-04,Kurigram,1
2020-05-04,Nilphamari,2
2020-05-04,Rangpur,10
2020-05-04,Habiganj,8
2020-05-04,Maulvibazar,4
2020-05-04,Sunamganj,11
2020-05-04,Sylhet,30
2020-05-03,Barguna,3
2020-05-03,Barisal,4
2020-05-03,Bhola,1
2020-05-03,Jhalokati,3
2020-05-03,Pirojpur,7
2020-05-03,Brahamanbaria,4
2020-05-03,Chandpur,4
2020-05-03,Chittagong,11
2020-05-03,Comilla,1
2020-05-03,Cox's Bazar,1
2020-05-03,Feni,3
2020-05-03,Lakshmipur,5
2020-05-03,Noakhali,8
2020-05-03,Dhaka,293
2020-05-03,Faridpur,2
2020-05-03,Gazipur,3
2020-05-03,Gopalganj,1
2020-05-03,Kishoreganj,6
2020-05-03,Munshiganj,4
2020-05-03,Narayanganj,31
2020-05-03,Narsingdi,4
2020-05-03,Shariatpur,1
2020-05-03,Tangail,2
2020-05-03,Jessore,1
2020-05-03,Khulna,5
2020-05-03,Jamalpur,5
2020-05-03,Mymensingh,6
2020-05-03,Netrakona,10
2020-05-03,Sherpur,1
2020-05-03,Rajshahi,1
2020-05-03,Sirajganj,1
2020-05-03,Dinajpur,1
2020-05-03,Gaibandha,1
2020-05-03,Kurigram,3
2020-05-03,Nilphamari,1
2020-05-03,Rangpur,5
2020-05-03,Thakurgaon,3
2020-05-03,Sunamganj,1
2020-05-03,Sylhet,1
2020-05-02,Chittagong,3
2020-05-02,Comilla,5
2020-05-02,Lakshmipur,1
2020-05-02,Dhaka,117
2020-05-02,Faridpur,1
2020-05-02,Gazipur,2
2020-05-02,Kishoreganj,4
2020-05-02,Madaripur,7
2020-05-02,Munshiganj,10
2020-05-02,Narayanganj,23
2020-05-02,Narsingdi,1
2020-05-02,Shariatpur,5
2020-05-02,Tangail,1
2020-05-02,Bagerhat,1
2020-05-02,Jhenaidah,1
2020-05-02,Rajshahi,1
2020-05-02,Dinajpur,6
2020-05-02,Gaibandha,3
2020-05-02,Kurigram,5
2020-05-02,Nilphamari,6
2020-05-02,Rangpur,5
2020-05-02,Thakurgaon,3
2020-05-02,Habiganj,9
2020-05-02,Maulvibazar,3
2020-05-02,Sunamganj,3
2020-05-02,Sylhet,2
2020-05-01,Barisal,1
2020-05-01,Bhola,1
2020-05-01,Patuakhali,2
2020-05-01,Pirojpur,1
2020-05-01,Bandarban,1
2020-05-01,Brahamanbaria,7
2020-05-01,Chandpur,5
2020-05-01,Chittagong,2
2020-05-01,Comilla,9
2020-05-01,Cox's Bazar,17
2020-05-01,Khagrachhari,1
2020-05-01,Lakshmipur,6
2020-05-01,Noakhali,3
2020-05-01,Dhaka,316
2020-05-01,Faridpur,1
2020-05-01,Gazipur,4
2020-05-01,Gopalganj,3
2020-05-01,Kishoreganj,3
2020-05-01,Madaripur,1
2020-05-01,Manikganj,3
2020-05-01,Munshiganj,3
2020-05-01,Narayanganj,22
2020-05-01,Narsingdi,1
2020-05-01,Rajbari,1
2020-05-01,Tangail,3
2020-05-01,Jhenaidah,2
2020-05-01,Khulna,1
2020-05-01,Kushtia,1
2020-05-01,Magura,1
2020-05-01,Narail,1
2020-05-01,Satkhira,2
2020-05-01,Jamalpur,7
2020-05-01,Mymensingh,3
2020-05-01,Netrakona,2
2020-05-01,Sherpur,1
2020-05-01,Bogra,5
2020-05-01,Joypurhat,3
2020-05-01,Naogaon,1
2020-05-01,Nawabganj,2
2020-05-01,Pabna,3
2020-05-01,Sirajganj,3
2020-05-01,Dinajpur,2
2020-05-01,Kurigram,1
2020-05-01,Nilphamari,1
2020-05-01,Panchagarh,1
2020-05-01,Rangpur,7
2020-05-01,Thakurgaon,2
2020-05-01,Habiganj,6
2020-05-01,Maulvibazar,1
2020-05-01,Sunamganj,4
2020-05-01,Sylhet,3
2020-04-30,Barisal,1
2020-04-30,Bhola,1
2020-04-30,Patuakhali,5
2020-04-30,Pirojpur,2
2020-04-30,Brahamanbaria,6
2020-04-30,Chandpur,6
2020-04-30,Chittagong,4
2020-04-30,Comilla,11
2020-04-30,Cox's Bazar,3
2020-04-30,Feni,1
2020-04-30,Noakhali,3
2020-04-30,Dhaka,201
2020-04-30,Faridpur,1
2020-04-30,Gazipur,6
2020-04-30,Gopalganj,3
2020-04-30,Kishoreganj,4
2020-04-30,Madaripur,4
2020-04-30,Manikganj,2
2020-04-30,Munshiganj,3
2020-04-30,Narayanganj,50
2020-04-30,Narsingdi,4
2020-04-30,Rajbari,1
2020-04-30,Shariatpur,3
2020-04-30,Tangail,3
2020-04-30,Jessore,3
2020-04-30,Khulna,4
2020-04-30,Kushtia,1
2020-04-30,Narail,1
2020-04-30,Satkhira,3
2020-04-30,Jamalpur,6
2020-04-30,Mymensingh,12
2020-04-30,Netrakona,1
2020-04-30,Sherpur,2
2020-04-30,Bogra,4
2020-04-30,Joypurhat,1
2020-04-30,Naogaon,1
2020-04-30,Nawabganj,1
2020-04-30,Rajshahi,3
2020-04-30,Sirajganj,6
2020-04-30,Dinajpur,5
2020-04-30,Gaibandha,1
2020-04-30,Kurigram,1
2020-04-30,Lalmonirhat,1
2020-04-30,Nilphamari,3
2020-04-30,Rangpur,2
2020-04-30,Habiganj,1
2020-04-30,Sunamganj,1
2020-04-30,Sylhet,2
2020-04-29,Barguna,2
2020-04-29,Barisal,1
2020-04-29,Bhola,2
2020-04-29,Brahamanbaria,2
2020-04-29,Chandpur,1
2020-04-29,Comilla,34
2020-04-29,Cox's Bazar,1
2020-04-29,Lakshmipur,1
2020-04-29,Dhaka,236
2020-04-29,Faridpur,3
2020-04-29,Gazipur,6
2020-04-29,Gopalganj,2
2020-04-29,Kishoreganj,2
2020-04-29,Madaripur,1
2020-04-29,Manikganj,4
2020-04-29,Munshiganj,21
2020-04-29,Narayanganj,13
2020-04-29,Narsingdi,2
2020-04-29,Shariatpur,1
2020-04-29,Jessore,22
2020-04-29,Jamalpur,1
2020-04-29,Mymensingh,1
2020-04-29,Bogra,1
2020-04-29,Joypurhat,3
2020-04-29,Naogaon,16
2020-04-29,Natore,5
2020-04-29,Rajshahi,3
2020-04-29,Dinajpur,1
2020-04-29,Gaibandha,2
2020-04-29,Nilphamari,1
2020-04-29,Habiganj,2
2020-04-29,Sunamganj,1
2020-04-29,Sylhet,1
2020-04-28,Barisal,2
2020-04-28,Bhola,2
2020-04-28,Patuakhali,1
2020-04-28,Brahamanbaria,1
2020-04-28,Chandpur,2
2020-04-28,Chittagong,7
2020-04-28,Comilla,5
2020-04-28,Cox's Bazar,4
2020-04-28,Lakshmipur,2
2020-04-28,Noakhali,2
2020-04-28,Dhaka,220
2020-04-28,Faridpur,1
2020-04-28,Gazipur,2
2020-04-28,Gopalganj,1
2020-04-28,Kishoreganj,5
2020-04-28,Madaripur,2
2020-04-28,Manikganj,2
2020-04-28,Munshiganj,5
2020-04-28,Narayanganj,77
2020-04-28,Narsingdi,1
2020-04-28,Tangail,2
2020-04-28,Bagerhat,2
2020-04-28,Chuadanga,2
2020-04-28,Jessore,5
2020-04-28,Jhenaidah,5
2020-04-28,Satkhira,4
2020-04-28,Jamalpur,6
2020-04-28,Mymensingh,9
2020-04-28,Netrakona,3
2020-04-28,Sherpur,1
2020-04-28,Joypurhat,6
2020-04-28,Pabna,3
2020-04-28,Rajshahi,1
2020-04-28,Sirajganj,2
2020-04-28,Dinajpur,1
2020-04-28,Gaibandha,1
2020-04-28,Kurigram,1
2020-04-28,Nilphamari,2
2020-04-28,Panchagarh,1
2020-04-28,Rangpur,6
2020-04-28,Thakurgaon,5
2020-04-28,Sunamganj,9
2020-04-27,Barguna,1
2020-04-27,Barisal,2
2020-04-27,Bhola,3
2020-04-27,Patuakhali,3
2020-04-27,Pirojpur,1
2020-04-27,Brahamanbaria,6
2020-04-27,Chandpur,1
2020-04-27,Chittagong,9
2020-04-27,Lakshmipur,1
2020-04-27,Noakhali,3
2020-04-27,Dhaka,142
2020-04-27,Gazipur,7
2020-04-27,Kishoreganj,4
2020-04-27,Madaripur,3
2020-04-27,Manikganj,2
2020-04-27,Munshiganj,4
2020-04-27,Narayanganj,77
2020-04-27,Narsingdi,2
2020-04-27,Rajbari,1
2020-04-27,Shariatpur,1
2020-04-27,Tangail,7
2020-04-27,Bagerhat,1
2020-04-27,Jessore,5
2020-04-27,Jhenaidah,5
2020-04-27,Khulna,1
2020-04-27,Magura,2
2020-04-27,Narail,1
2020-04-27,Satkhira,1
2020-04-27,Jamalpur,1
2020-04-27,Mymensingh,17
2020-04-27,Sherpur,4
2020-04-27,Joypurhat,1
2020-04-27,Naogaon,2
2020-04-27,Nawabganj,1
2020-04-27,Pabna,2
2020-04-27,Rajshahi,2
2020-04-27,Sirajganj,3
2020-04-27,Kurigram,2
2020-04-27,Nilphamari,1
2020-04-27,Rangpur,1
2020-04-27,Thakurgaon,2
2020-04-27,Habiganj,1
2020-04-27,Maulvibazar,7
2020-04-27,Sunamganj,1
2020-04-27,Sylhet,2
2020-04-26,Barguna,5
2020-04-26,Barisal,6
2020-04-26,Bhola,3
2020-04-26,Jhalokati,2
2020-04-26,Patuakhali,2
2020-04-26,Brahamanbaria,3
2020-04-26,Chandpur,2
2020-04-26,Chittagong,3
2020-04-26,Comilla,8
2020-04-26,Cox's Bazar,1
2020-04-26,Feni,2
2020-04-26,Lakshmipur,2
2020-04-26,Dhaka,199
2020-04-26,Gazipur,13
2020-04-26,Gopalganj,3
2020-04-26,Kishoreganj,7
2020-04-26,Madaripur,3
2020-04-26,Munshiganj,10
2020-04-26,Narayanganj,49
2020-04-26,Narsingdi,5
2020-04-26,Shariatpur,7
2020-04-26,Tangail,3
2020-04-26,Bagerhat,1
2020-04-26,Jessore,11
2020-04-26,Jhenaidah,6
2020-04-26,Kushtia,1
2020-04-26,Magura,2
2020-04-26,Narail,2
2020-04-26,Satkhira,1
2020-04-26,Jamalpur,5
2020-04-26,Mymensingh,7
2020-04-26,Sherpur,1
2020-04-26,Bogra,1
2020-04-26,Joypurhat,1
2020-04-26,Naogaon,3
2020-04-26,Nawabganj,2
2020-04-26,Pabna,1
2020-04-26,Rajshahi,1
2020-04-26,Sirajganj,3
2020-04-26,Dinajpur,2
2020-04-26,Rangpur,5
2020-04-26,Thakurgaon,2
2020-04-26,Habiganj,8
2020-04-26,Maulvibazar,4
2020-04-26,Sylhet,1
2020-04-25,Barisal,3
2020-04-25,Patuakhali,1
2020-04-25,Pirojpur,1
2020-04-25,Brahamanbaria,6
2020-04-25,Chandpur,3
2020-04-25,Chittagong,2
2020-04-25,Comilla,2
2020-04-25,Cox's Bazar,7
2020-04-25,Dhaka,122
2020-04-25,Faridpur,1
2020-04-25,Gazipur,5
2020-04-25,Gopalganj,3
2020-04-25,Madaripur,2
2020-04-25,Manikganj,1
2020-04-25,Narayanganj,4
2020-04-25,Shariatpur,1
2020-04-25,Tangail,1
2020-04-25,Jessore,4
2020-04-25,Magura,1
2020-04-25,Mymensingh,14
2020-04-25,Sherpur,1
2020-04-25,Bogra,2
2020-04-25,Natore,1
2020-04-25,Rajshahi,1
2020-04-25,Sirajganj,2
2020-04-25,Dinajpur,1
2020-04-25,Kurigram,1
2020-04-25,Rangpur,3
2020-04-25,Habiganj,12
2020-04-25,Sylhet,1
2020-04-24,Barguna,2
2020-04-24,Barisal,4
2020-04-24,Bhola,2
2020-04-24,Patuakhali,4
2020-04-24,Bandarban,1
2020-04-24,Brahamanbaria,4
2020-04-24,Chandpur,1
2020-04-24,Chittagong,2
2020-04-24,Comilla,11
2020-04-24,Cox's Bazar,2
2020-04-24,Lakshmipur,2
2020-04-24,Dhaka,259
2020-04-24,Gazipur,6
2020-04-24,Gopalganj,3
2020-04-24,Kishoreganj,1
2020-04-24,Madaripur,1
2020-04-24,Manikganj,3
2020-04-24,Munshiganj,2
2020-04-24,Narayanganj,34
2020-04-24,Narsingdi,3
2020-04-24,Shariatpur,1
2020-04-24,Tangail,5
2020-04-24,Chuadanga,4
2020-04-24,Jessore,1
2020-04-24,Jhenaidah,2
2020-04-24,Khulna,1
2020-04-24,Kushtia,3
2020-04-24,Meherpur,1
2020-04-24,Narail,2
2020-04-24,Jamalpur,2
2020-04-24,Mymensingh,3
2020-04-24,Netrakona,1
2020-04-24,Bogra,1
2020-04-24,Joypurhat,1
2020-04-24,Naogaon,1
2020-04-24,Rajshahi,1
2020-04-24,Sirajganj,2
2020-04-24,Dinajpur,1
2020-04-24,Gaibandha,1
2020-04-24,Panchagarh,1
2020-04-24,Rangpur,6
2020-04-24,Habiganj,5
2020-04-24,Maulvibazar,2
2020-04-24,Sunamganj,7
2020-04-24,Sylhet,3
2020-04-23,Barguna,3
2020-04-23,Barisal,2
2020-04-23,Chandpur,2
2020-04-23,Chittagong,4
2020-04-23,Comilla,3
2020-04-23,Cox's Bazar,2
2020-04-23,Dhaka,132
2020-04-23,Faridpur,2
2020-04-23,Gazipur,1
2020-04-23,Gopalganj,3
2020-04-23,Kishoreganj,2
2020-04-23,Madaripur,2
2020-04-23,Manikganj,1
2020-04-23,Narayanganj,14
2020-04-23,Narsingdi,1
2020-04-23,Rajbari,1
2020-04-23,Shariatpur,1
2020-04-23,Tangail,1
2020-04-23,Jessore,5
2020-04-23,Khulna,2
2020-04-23,Kushtia,2
2020-04-23,Narail,1
2020-04-23,Satkhira,1
2020-04-23,Jamalpur,1
2020-04-23,Mymensingh,4
2020-04-23,Netrakona,1
2020-04-23,Bogra,1
2020-04-23,Naogaon,2
2020-04-23,Natore,1
2020-04-23,Pabna,1
2020-04-23,Sirajganj,1
2020-04-23,Kurigram,1
2020-04-23,Panchagarh,1
2020-04-23,Rangpur,1
2020-04-23,Habiganj,4
2020-04-23,Sunamganj,4
2020-04-23,Sylhet,3
2020-04-22,Barguna,1
2020-04-22,Barisal,4
2020-04-22,Bhola,1
2020-04-22,Patuakhali,3
2020-04-22,Bandarban,1
2020-04-22,Brahamanbaria,13
2020-04-22,Chandpur,1
2020-04-22,Chittagong,2
2020-04-22,Comilla,2
2020-04-22,Cox's Bazar,1
2020-04-22,Noakhali,1
2020-04-22,Dhaka,152
2020-04-22,Gazipur,2
2020-04-22,Gopalganj,3
2020-04-22,Kishoreganj,3
2020-04-22,Madaripur,3
2020-04-22,Manikganj,3
2020-04-22,Munshiganj,6
2020-04-22,Narayanganj,38
2020-04-22,Narsingdi,2
2020-04-22,Rajbari,1
2020-04-22,Shariatpur,3
2020-04-22,Tangail,7
2020-04-22,Jessore,3
2020-04-22,Khulna,1
2020-04-22,Kushtia,2
2020-04-22,Magura,3
2020-04-22,Meherpur,1
2020-04-22,Narail,4
2020-04-22,Satkhira,3
2020-04-22,Jamalpur,6
2020-04-22,Mymensingh,10
2020-04-22,Netrakona,3
2020-04-22,Bogra,7
2020-04-22,Joypurhat,1
2020-04-22,Natore,1
2020-04-22,Pabna,1
2020-04-22,Sirajganj,1
2020-04-22,Gaibandha,1
2020-04-22,Nilphamari,1
2020-04-22,Panchagarh,2
2020-04-22,Rangpur,2
2020-04-22,Habiganj,2
2020-04-22,Sunamganj,1
2020-04-22,Sylhet,1
2020-04-21,Barguna,3
2020-04-21,Barisal,10
2020-04-21,Bhola,3
2020-04-21,Jhalokati,1
2020-04-21,Patuakhali,8
2020-04-21,Brahamanbaria,1
2020-04-21,Chandpur,2
2020-04-21,Comilla,3
2020-04-21,Cox's Bazar,3
2020-04-21,Feni,1
2020-04-21,Noakhali,1
2020-04-21,Dhaka,159
2020-04-21,Faridpur,3
2020-04-21,Gazipur,5
2020-04-21,Gopalganj,2
2020-04-21,Madaripur,2
2020-04-21,Manikganj,3
2020-04-21,Munshiganj,10
2020-04-21,Narayanganj,54
2020-04-21,Narsingdi,1
2020-04-21,Shariatpur,2
2020-04-21,Tangail,1
2020-04-21,Chuadanga,1
2020-04-21,Jhenaidah,3
2020-04-21,Khulna,1
2020-04-21,Meherpur,1
2020-04-21,Satkhira,1
2020-04-21,Jamalpur,1
2020-04-21,Mymensingh,3
2020-04-21,Netrakona,3
2020-04-21,Sherpur,6
2020-04-21,Bogra,1
2020-04-21,Joypurhat,1
2020-04-21,Nawabganj,1
2020-04-21,Pabna,2
2020-04-21,Rajshahi,1
2020-04-21,Sirajganj,1
2020-04-21,Dinajpur,15
2020-04-21,Lalmonirhat,1
2020-04-21,Panchagarh,1
2020-04-21,Rangpur,1
2020-04-21,Thakurgaon,1
2020-04-21,Habiganj,6
2020-04-21,Sylhet,1
2020-04-20,Barguna,2
2020-04-20,Barisal,4
2020-04-20,Bhola,1
2020-04-20,Pirojpur,1
2020-04-20,Brahamanbaria,4
2020-04-20,Chandpur,4
2020-04-20,Chittagong,4
2020-04-20,Lakshmipur,1
2020-04-20,Noakhali,1
2020-04-20,Dhaka,177
2020-04-20,Faridpur,1
2020-04-20,Gazipur,23
2020-04-20,Gopalganj,7
2020-04-20,Kishoreganj,67
2020-04-20,Manikganj,1
2020-04-20,Munshiganj,3
2020-04-20,Narayanganj,15
2020-04-20,Narsingdi,16
2020-04-20,Shariatpur,2
2020-04-20,Tangail,4
2020-04-20,Jessore,2
2020-04-20,Jhenaidah,1
2020-04-20,Magura,1
2020-04-20,Satkhira,2
2020-04-20,Jamalpur,5
2020-04-20,Mymensingh,12
2020-04-20,Sherpur,2
2020-04-20,Bogra,1
2020-04-20,Naogaon,1
2020-04-20,Pabna,1
2020-04-20,Rajshahi,1
2020-04-20,Dinajpur,2
2020-04-20,Gaibandha,2
2020-04-20,Lalmonirhat,2
2020-04-20,Rangpur,1
2020-04-20,Thakurgaon,2
2020-04-20,Sunamganj,1
2020-04-20,Sylhet,1
2020-04-19,Barisal,2
2020-04-19,Bhola,1
2020-04-19,Chandpur,2
2020-04-19,Chittagong,4
2020-04-19,Comilla,3
2020-04-19,Lakshmipur,5
2020-04-19,Noakhali,3
2020-04-19,Dhaka,120
2020-04-19,Gazipur,10
2020-04-19,Kishoreganj,17
2020-04-19,Manikganj,1
2020-04-19,Narayanganj,40
2020-04-19,Narsingdi,8
2020-04-19,Shariatpur,2
2020-04-19,Bagerhat,2
2020-04-19,Kushtia,1
2020-04-19,Jamalpur,2
2020-04-19,Mymensingh,3
2020-04-19,Netrakona,3
2020-04-19,Sherpur,1
2020-04-19,Dinajpur,1
2020-04-19,Rangpur,1
2020-04-18,Barguna,1
2020-04-18,Barisal,2
2020-04-18,Jhalokati,1
2020-04-18,Patuakhali,1
2020-04-18,Brahamanbaria,1
2020-04-18,Chittagong,3
2020-04-18,Comilla,2
2020-04-18,Noakhali,2
2020-04-18,Dhaka,98
2020-04-18,Faridpur,2
2020-04-18,Gazipur,30
2020-04-18,Gopalganj,2
2020-04-18,Kishoreganj,14
2020-04-18,Madaripur,2
2020-04-18,Manikganj,2
2020-04-18,Munshiganj,4
2020-04-18,Narayanganj,17
2020-04-18,Narsingdi,19
2020-04-18,Shariatpur,2
2020-04-18,Bagerhat,1
2020-04-18,Chuadanga,1
2020-04-18,Jessore,1
2020-04-18,Satkhira,1
2020-04-18,Jamalpur,4
2020-04-18,Mymensingh,1
2020-04-18,Netrakona,4
2020-04-18,Sherpur,4
2020-04-18,Nawabganj,1
2020-04-18,Dinajpur,1
2020-04-18,Gaibandha,1
2020-04-18,Panchagarh,1
2020-04-18,Thakurgaon,1
2020-04-18,Habiganj,1
2020-04-17,Barguna,1
2020-04-17,Barisal,4
2020-04-17,Patuakhali,1
2020-04-17,Brahamanbaria,2
2020-04-17,Chandpur,1
2020-04-17,Chittagong,1
2020-04-17,Comilla,1
2020-04-17,Cox's Bazar,1
2020-04-17,Lakshmipur,14
2020-04-17,Dhaka,115
2020-04-17,Gazipur,4
2020-04-17,Gopalganj,1
2020-04-17,Kishoreganj,1
2020-04-17,Madaripur,1
2020-04-17,Munshiganj,6
2020-04-17,Narayanganj,29
2020-04-17,Narsingdi,11
2020-04-17,Bagerhat,1
2020-04-17,Mymensingh,7
2020-04-17,Netrakona,1
2020-04-17,Sherpur,2
2020-04-17,Bogra,1
2020-04-17,Joypurhat,2
2020-04-17,Pabna,1
2020-04-17,Rajshahi,1
2020-04-17,Gaibandha,1
2020-04-17,Rangpur,1
2020-04-17,Habiganj,1
2020-04-16,Barisal,2
2020-04-16,Jhalokati,1
2020-04-16,Brahamanbaria,1
2020-04-16,Chandpur,4
2020-04-16,Chittagong,6
2020-04-16,Comilla,9
2020-04-16,Lakshmipur,1
2020-04-16,Noakhali,1
2020-04-16,Dhaka,95
2020-04-16,Gazipur,46
2020-04-16,Gopalganj,7
2020-04-16,Kishoreganj,12
2020-04-16,Madaripur,2
2020-04-16,Munshiganj,6
2020-04-16,Narayanganj,47
2020-04-16,Narsingdi,17
2020-04-16,Rajbari,1
2020-04-16,Shariatpur,1
2020-04-16,Tangail,1
2020-04-16,Jessore,1
2020-04-16,Jamalpur,1
2020-04-16,Mymensingh,4
2020-04-16,Netrakona,1
2020-04-16,Sherpur,1
2020-04-16,Rajshahi,1
2020-04-16,Kurigram,1
2020-04-16,Rangpur,1
2020-04-16,Habiganj,1
2020-04-16,Sunamganj,2
2020-04-16,Sylhet,2
2020-04-15,Barguna,1
2020-04-15,Barisal,2
2020-04-15,Pirojpur,2
2020-04-15,Brahamanbaria,1
2020-04-15,Chandpur,5
2020-04-15,Chittagong,9
2020-04-15,Comilla,4
2020-04-15,Noakhali,1
2020-04-15,Dhaka,80
2020-04-15,Gazipur,4
2020-04-15,Munshiganj,3
2020-04-15,Narayanganj,51
2020-04-15,Tangail,2
2020-04-15,Chuadanga,1
2020-04-15,Jamalpur,1
2020-04-15,Netrakona,2
2020-04-15,Dinajpur,4
2020-04-15,Gaibandha,2
2020-04-15,Kurigram,1
2020-04-15,Lalmonirhat,1
2020-04-15,Nilphamari,1
2020-04-15,Habiganj,1
2020-04-14,Barisal,4
2020-04-14,Patuakhali,2
2020-04-14,Chittagong,2
2020-04-14,Comilla,5
2020-04-14,Lakshmipur,1
2020-04-14,Noakhali,1
2020-04-14,Dhaka,68
2020-04-14,Faridpur,1
2020-04-14,Gazipur,11
2020-04-14,Gopalganj,3
2020-04-14,Kishoreganj,4
2020-04-14,Munshiganj,3
2020-04-14,Narayanganj,26
2020-04-14,Narsingdi,3
2020-04-14,Tangail,3
2020-04-14,Bagerhat,1
2020-04-14,Khulna,1
2020-04-14,Magura,1
2020-04-14,Narail,2
2020-04-14,Satkhira,1
2020-04-14,Jamalpur,2
2020-04-14,Mymensingh,3
2020-04-14,Netrakona,2
2020-04-14,Sherpur,1
2020-04-14,Natore,1
2020-04-14,Pabna,1
2020-04-14,Kurigram,1
2020-04-14,Nilphamari,1
2020-04-14,Habiganj,2
2020-04-13,Barisal,1
2020-04-13,Patuakhali,1
2020-04-13,Pirojpur,1
2020-04-13,Brahamanbaria,1
2020-04-13,Chittagong,5
2020-04-13,Comilla,1
2020-04-13,Lakshmipur,1
2020-04-13,Dhaka,63
2020-04-13,Gazipur,2
2020-04-13,Madaripur,2
2020-04-13,Munshiganj,4
2020-04-13,Narayanganj,33
2020-04-13,Narsingdi,15
2020-04-13,Rajbari,1
2020-04-13,Shariatpur,1
2020-04-13,Jamalpur,1
2020-04-13,Mymensingh,3
2020-04-13,Nawabganj,1
2020-04-13,Sirajganj,3
2020-04-13,Sunamganj,1
2020-04-12,Barguna,2
2020-04-12,Barisal,1
2020-04-12,Jhalokati,4
2020-04-12,Patuakhali,2
2020-04-12,Chandpur,2
2020-04-12,Chittagong,1
2020-04-12,Comilla,2
2020-04-12,Cox's Bazar,1
2020-04-12,Feni,1
2020-04-12,Lakshmipur,1
2020-04-12,Rangamati,1
2020-04-12,Dhaka,47
2020-04-12,Gazipur,8
2020-04-12,Gopalganj,1
2020-04-12,Madaripur,5
2020-04-12,Munshiganj,2
2020-04-12,Narayanganj,20
2020-04-12,Narsingdi,2
2020-04-12,Jessore,1
2020-04-12,Jamalpur,2
2020-04-12,Mymensingh,1
2020-04-12,Dinajpur,1
2020-04-12,Thakurgaon,1
2020-04-12,Habiganj,1
2020-04-12,Sylhet,1
2020-04-11,Brahamanbaria,1
2020-04-11,Chandpur,1
2020-04-11,Comilla,1
2020-04-11,Noakhali,2
2020-04-11,Dhaka,25
2020-04-11,Gazipur,3
2020-04-11,Gopalganj,1
2020-04-11,Kishoreganj,1
2020-04-11,Madaripur,1
2020-04-11,Munshiganj,1
2020-04-11,Narayanganj,5
2020-04-11,Narsingdi,1
2020-04-11,Rajbari,3
2020-04-11,Netrakona,1
2020-04-11,Sherpur,1
2020-04-11,Sunamganj,1
2020-04-10,Barguna,1
2020-04-10,Barisal,1
2020-04-10,Jhalokati,1
2020-04-10,Chittagong,4
2020-04-10,Comilla,4
2020-04-10,Lakshmipur,1
2020-04-10,Dhaka,34
2020-04-10,Gazipur,6
2020-04-10,Gopalganj,1
2020-04-10,Kishoreganj,6
2020-04-10,Madaripur,1
2020-04-10,Munshiganj,4
2020-04-10,Narayanganj,15
2020-04-10,Narsingdi,1
2020-04-10,Rajbari,1
2020-04-10,Tangail,1
2020-04-10,Jamalpur,1
2020-04-10,Mymensingh,1
2020-04-10,Nilphamari,1
2020-04-10,Sunamganj,2
2020-04-10,Sylhet,1
2020-04-09,Barguna,2
2020-04-09,Chandpur,1
2020-04-09,Chittagong,1
2020-04-09,Lakshmipur,1
2020-04-09,Dhaka,53
2020-04-09,Gazipur,1
2020-04-09,Munshiganj,3
2020-04-09,Narayanganj,13
2020-04-09,Shariatpur,1
2020-04-09,Jamalpur,2
2020-04-09,Mymensingh,1
2020-04-09,Netrakona,1
2020-04-09,Sherpur,1
2020-04-09,Rangpur,1
2020-04-08,Brahamanbaria,2
2020-04-08,Lakshmipur,1
2020-04-08,Dhaka,33
2020-04-08,Faridpur,1
2020-04-08,Gazipur,1
2020-04-08,Kishoreganj,1
2020-04-08,Narayanganj,3
2020-04-08,Narsingdi,2
2020-04-08,Tangail,1
2020-04-08,Jhenaidah,1
2020-04-08,Nilphamari,1
2020-04-07,Chittagong,1
2020-04-07,Comilla,1
2020-04-07,Dhaka,19
2020-04-07,Faridpur,1
2020-04-07,Munshiganj,1
2020-04-07,Narayanganj,9
2020-04-07,Khulna,1
2020-04-06,Brahamanbaria,19
2020-04-06,Comilla,1
2020-04-06,Noakhali,1
2020-04-06,Dhaka,54
2020-04-06,Faridpur,1
2020-04-06,Gazipur,2
2020-04-06,Narayanganj,8
2020-04-06,Tangail,1
2020-04-06,Magura,1
2020-04-06,Netrakona,1
2020-04-06,Joypurhat,7
2020-04-06,Dinajpur,3
2020-04-06,Panchagarh,1
2020-04-06,Rangpur,2
2020-04-06,Maulvibazar,1
2020-04-05,Dhaka,5
2020-04-05,Faridpur,1
2020-04-05,Narayanganj,1
2020-03-27,Dhaka,2
2020-03-22,Dhaka,1
2020-03-20,Dhaka,1
2020-03-06,Dhaka,3
